Date,Delta,Mariposa,Moulton_W,Colusa_W,Tisdale_W,Fremont_W,Sac_W,Knights_C,Bypass 1,Bypass 2,Bypass 3,KNGN,Chowby 
10/1/1921,0.5,1,0,0,0,0,0,0,0,0,0,0,122329
11/1/1921,0.5,1,0,0,0,0,0,0,0,0,0,0,122329
12/1/1921,0.5,1,0,0,509700.7302,0,0,0,0,0,0,0,122329
1/1/1922,0.5,1,0,0,0,0,0,0,0,0,0,0,122329
2/1/1922,0.5,1,0,0,5092029.756,0,0,0,0,0,0,0,122329
3/1/1922,0.5,1,0,0,704820.5409,0,0,0,0,0,0,0,122329
4/1/1922,0.5,1,0,0,1329071.201,0,0,205738.576,0,0,0,0,122329
5/1/1922,0.5,1,0,0,0,0,0,199101.8477,0,0,0,1550844.112,122329
6/1/1922,0.5,1,0,0,0,0,0,123443.1456,0,0,0,1695285.866,122329
7/1/1922,0.5,1,0,0,0,0,0,119461.1086,0,0,0,576240.5677,122329
8/1/1922,0.5,1,0,0,0,0,0,119461.1086,0,0,0,0,122329
9/1/1922,0.5,1,0,0,0,0,0,82295.43039,0,0,0,0,122329
10/1/1922,0.5,1,0,0,0,0,0,0,0,0,0,0,122329
11/1/1922,0.5,1,0,0,0,0,0,0,0,0,0,0,122329
12/1/1922,0.5,1,0,0,668982.2084,0,0,0,0,0,0,0,122329
1/1/1923,0.5,1,0,0,521646.841,0,0,0,0,0,0,0,122329
2/1/1923,0.5,1,0,0,0,0,0,0,0,0,0,0,122329
3/1/1923,0.5,1,0,0,0,0,0,0,0,0,0,0,122329
4/1/1923,0.5,1,0,0,818839.5324,0,0,205738.576,0,0,0,553848.2465,122329
5/1/1923,0.5,1,0,0,0,0,0,199101.8477,0,0,0,1187244.318,122329
6/1/1923,0.5,1,0,0,0,0,0,123443.1456,0,0,0,775593.2837,122329
7/1/1923,0.5,1,0,0,0,0,0,119461.1086,0,0,0,459646.5257,122329
8/1/1923,0.5,1,0,0,0,0,0,119461.1086,0,0,0,0,122329
9/1/1923,0.5,1,0,0,0,0,0,82295.43039,0,0,0,0,122329
10/1/1923,0.5,1,0,0,0,0,0,0,0,0,0,0,122329
11/1/1923,0.5,1,0,0,0,0,0,0,0,0,0,0,122329
12/1/1923,0.5,1,0,0,0,0,0,0,0,0,0,0,122329
1/1/1924,0.5,1,0,0,0,0,0,0,0,0,0,0,122329
2/1/1924,0.5,1,0,0,881128.6599,0,0,0,0,0,0,0,122329
3/1/1924,0.5,1,0,0,0,0,0,0,0,0,0,0,122329
4/1/1924,0.5,1,0,0,0,0,0,205738.576,0,0,0,275854.2827,122329
5/1/1924,0.5,1,0,0,0,0,0,199101.8477,0,0,0,403260.8824,122329
6/1/1924,0.5,1,0,0,0,0,0,123443.1456,0,0,0,0,122329
7/1/1924,0.5,1,0,0,0,0,0,119461.1086,0,0,0,0,122329
8/1/1924,0.5,1,0,0,0,0,0,119461.1086,0,0,0,0,122329
9/1/1924,0.5,1,0,0,0,0,0,82295.43039,0,0,0,0,122329
10/1/1924,0.5,1,0,0,0,0,0,0,0,0,0,0,122329
11/1/1924,0.5,1,0,0,0,0,0,0,0,0,0,0,122329
12/1/1924,0.5,1,0,0,0,0,0,0,0,0,0,0,122329
1/1/1925,0.5,1,0,0,0,0,0,0,0,0,0,0,122329
2/1/1925,0.5,1,0,0,21827393.35,55990283.89,0,8156064.976,0,0,0,0,122329
3/1/1925,0.5,1,0,0,1007455.349,358383.3259,0,477844.4345,0,0,0,0,122329
4/1/1925,0.5,1,0,0,4468641.87,0,0,822954.3039,0,0,0,516280.3826,122329
5/1/1925,0.5,1,0,0,0,0,0,199101.8477,0,0,0,953618.2099,122329
6/1/1925,0.5,1,0,0,0,0,0,123443.1456,0,0,0,747036.7694,122329
7/1/1925,0.5,1,0,0,0,0,0,119461.1086,0,0,0,0,122329
8/1/1925,0.5,1,0,0,0,0,0,119461.1086,0,0,0,0,122329
9/1/1925,0.5,1,0,0,0,0,0,82295.43039,0,0,0,0,122329
10/1/1925,0.5,1,0,0,0,0,0,0,0,0,0,0,122329
11/1/1925,0.5,1,0,0,0,0,0,0,0,0,0,0,122329
12/1/1925,0.5,1,0,0,0,0,0,0,0,0,0,0,122329
1/1/1926,0.5,1,0,0,0,0,0,0,0,0,0,0,122329
2/1/1926,0.5,1,0,0,14235639.9,30904873.24,0,5775375.74,0,0,0,0,122329
3/1/1926,0.5,1,0,0,0,0,0,35838.33259,0,0,0,0,122329
4/1/1926,0.5,1,0,0,0,13949075.45,205738.576,205738.576,0,0,0,759463.3794,122329
5/1/1926,0.5,1,0,0,0,0,0,199101.8477,0,0,0,911010.4145,122329
6/1/1926,0.5,1,0,0,0,0,0,123443.1456,0,0,0,391643.9532,122329
7/1/1926,0.5,1,0,0,0,0,0,119461.1086,0,0,0,0,122329
8/1/1926,0.5,1,0,0,0,0,0,119461.1086,0,0,0,0,122329
9/1/1926,0.5,1,0,0,0,0,0,82295.43039,0,0,0,0,122329
10/1/1926,0.5,1,0,0,0,0,0,0,0,0,0,0,122329
11/1/1926,0.5,1,0,0,3431719.447,4773134.963,0,0,0,0,0,0,122329
12/1/1926,0.5,1,0,0,8147247.609,22140125.47,0,1951198.108,0,0,0,0,122329
1/1/1927,0.5,1,0,0,1923323.849,0,0,955688.8691,0,0,0,0,122329
2/1/1927,0.5,1,0,0,24265395.48,123443145.6,13975527.55,8156064.976,0,0,0,0,122329
3/1/1927,0.5,1,0,0,8724642.967,13777847.86,0,2628144.39,0,0,0,0,122329
4/1/1927,0.5,1,0,0,7266686.504,17528926.67,0,2880340.064,0,0,0,627173.475,122329
5/1/1927,0.5,1,0,0,0,0,0,199101.8477,0,0,0,1254978.767,122329
6/1/1927,0.5,1,0,0,0,0,0,123443.1456,0,0,0,1249203.486,122329
7/1/1927,0.5,1,0,0,0,0,0,119461.1086,0,0,0,0,122329
8/1/1927,0.5,1,0,0,0,0,0,119461.1086,0,0,0,0,122329
9/1/1927,0.5,1,0,0,0,0,0,82295.43039,0,0,0,0,122329
10/1/1927,0.5,1,0,0,0,0,0,0,0,0,0,0,122329
11/1/1927,0.5,1,0,0,0,0,0,0,0,0,0,0,122329
12/1/1927,0.5,1,0,0,183173.6999,0,0,410149.8063,0,0,0,0,122329
1/1/1928,0.5,1,0,0,0,0,0,517664.8041,0,0,0,0,122329
2/1/1928,0.5,1,0,0,5984864.231,0,0,2681695.921,0,0,0,0,122329
3/1/1928,0.5,1,0,0,6857067.636,54952109.97,27356593.88,1397694.971,0,0,0,297577.6216,122329
4/1/1928,0.5,1,0,0,7291375.133,9093645.058,1645908.608,2798044.633,0,0,0,443654.6652,122329
5/1/1928,0.5,1,0,0,0,0,0,199101.8477,0,0,0,793739.4261,122329
6/1/1928,0.5,1,0,0,0,0,0,123443.1456,0,0,0,425755.4091,122329
7/1/1928,0.5,1,0,0,0,0,0,119461.1086,0,0,0,0,122329
8/1/1928,0.5,1,0,0,0,0,0,119461.1086,0,0,0,0,122329
9/1/1928,0.5,1,0,0,0,0,0,82295.43039,0,0,0,0,122329
10/1/1928,0.5,1,0,0,0,0,0,0,0,0,0,0,122329
11/1/1928,0.5,1,0,0,0,0,0,0,0,0,0,0,122329
12/1/1928,0.5,1,0,0,0,0,0,0,0,0,0,0,122329
1/1/1929,0.5,1,0,0,0,0,0,0,0,0,0,0,122329
2/1/1929,0.5,1,0,0,1900142.705,0,0,0,0,0,0,0,122329
3/1/1929,0.5,1,0,0,0,0,0,199101.8477,0,0,0,0,122329
4/1/1929,0.5,1,0,0,0,0,0,205738.576,0,0,0,303011.7747,122329
5/1/1929,0.5,1,0,0,0,0,0,199101.8477,0,0,0,807796.0166,122329
6/1/1929,0.5,1,0,0,0,0,0,123443.1456,0,0,0,532410.2869,122329
7/1/1929,0.5,1,0,0,0,0,0,119461.1086,0,0,0,0,122329
8/1/1929,0.5,1,0,0,0,0,0,119461.1086,0,0,0,0,122329
9/1/1929,0.5,1,0,0,0,0,0,82295.43039,0,0,0,0,122329
10/1/1929,0.5,1,0,0,0,0,0,0,0,0,0,0,122329
11/1/1929,0.5,1,0,0,0,0,0,0,0,0,0,0,122329
12/1/1929,0.5,1,0,0,4157246.581,9118864.626,0,915868.4995,0,0,0,0,122329
1/1/1930,0.5,1,0,0,704820.5409,0,0,438024.065,0,0,0,0,122329
2/1/1930,0.5,1,0,0,2318967.664,0,0,440868.3771,0,0,0,0,122329
3/1/1930,0.5,1,0,0,4993474.341,8242816.496,0,1513174.043,0,0,0,0,122329
4/1/1930,0.5,1,0,0,0,0,0,205738.576,0,0,0,468219.8512,122329
5/1/1930,0.5,1,0,0,0,0,0,199101.8477,0,0,0,586195.6601,122329
6/1/1930,0.5,1,0,0,0,0,0,123443.1456,0,0,0,628531.3496,122329
7/1/1930,0.5,1,0,0,0,0,0,119461.1086,0,0,0,0,122329
8/1/1930,0.5,1,0,0,0,0,0,119461.1086,0,0,0,0,122329
9/1/1930,0.5,1,0,0,0,0,0,82295.43039,0,0,0,0,122329
10/1/1930,0.5,1,0,0,0,0,0,0,0,0,0,0,122329
11/1/1930,0.5,1,0,0,0,0,0,0,0,0,0,0,122329
12/1/1930,0.5,1,0,0,0,0,0,0,0,0,0,0,122329
1/1/1931,0.5,1,0,0,91586.84995,0,0,79640.73909,0,0,0,0,122329
2/1/1931,0.5,1,0,0,0,0,0,88173.67542,0,0,0,0,122329
3/1/1931,0.5,1,0,0,0,0,0,79640.73909,0,0,0,0,122329
4/1/1931,0.5,1,0,0,0,0,0,205738.576,0,0,0,301242.423,122329
5/1/1931,0.5,1,0,0,0,0,0,199101.8477,0,0,0,483379.4659,122329
6/1/1931,0.5,1,0,0,0,0,0,123443.1456,0,0,0,210594.0064,122329
7/1/1931,0.5,1,0,0,0,0,0,119461.1086,0,0,0,0,122329
8/1/1931,0.5,1,0,0,0,0,0,119461.1086,0,0,0,0,122329
9/1/1931,0.5,1,0,0,0,0,0,82295.43039,0,0,0,0,122329
10/1/1931,0.5,1,0,0,0,0,0,0,0,0,0,0,122329
11/1/1931,0.5,1,0,0,0,0,0,0,0,0,0,0,122329
12/1/1931,0.5,1,0,0,4101498.063,3145809.194,0,0,0,0,0,0,122329
1/1/1932,0.5,1,0,0,2166228.103,1592814.782,0,1513174.043,0,0,0,0,122329
2/1/1932,0.5,1,0,0,0,0,0,153239.7669,0,0,0,0,122329
3/1/1932,0.5,1,0,0,0,0,0,199101.8477,0,0,0,0,122329
4/1/1932,0.5,1,0,0,0,0,0,205738.576,0,0,0,599193.0287,122329
5/1/1932,0.5,1,0,0,0,0,0,199101.8477,0,0,0,1213326.66,122329
6/1/1932,0.5,1,0,0,0,0,0,123443.1456,0,0,0,1440252.327,122329
7/1/1932,0.5,1,0,0,0,0,0,119461.1086,0,0,0,627449.5629,122329
8/1/1932,0.5,1,0,0,0,0,0,119461.1086,0,0,0,0,122329
9/1/1932,0.5,1,0,0,0,0,0,82295.43039,0,0,0,0,122329
10/1/1932,0.5,1,0,0,0,0,0,0,0,0,0,0,122329
11/1/1932,0.5,1,0,0,0,0,0,0,0,0,0,0,122329
12/1/1932,0.5,1,0,0,0,0,0,0,0,0,0,0,122329
1/1/1933,0.5,1,0,0,0,0,0,199101.8477,0,0,0,0,122329
2/1/1933,0.5,1,0,0,0,0,0,220434.1886,0,0,0,0,122329
3/1/1933,0.5,1,0,0,0,0,0,199101.8477,0,0,0,0,122329
4/1/1933,0.5,1,0,0,0,0,0,205738.576,0,0,0,439169.5643,122329
5/1/1933,0.5,1,0,0,0,0,0,27874.25868,0,0,0,590177.697,122329
6/1/1933,0.5,1,0,0,0,0,0,123443.1456,0,0,0,1127159.362,122329
7/1/1933,0.5,1,0,0,0,0,0,119461.1086,0,0,0,374868.9589,122329
8/1/1933,0.5,1,0,0,0,0,0,119461.1086,0,0,0,0,122329
9/1/1933,0.5,1,0,0,0,0,0,82295.43039,0,0,0,0,122329
10/1/1933,0.5,1,0,0,0,0,0,0,0,0,0,0,122329
11/1/1933,0.5,1,0,0,0,0,0,0,0,0,0,0,122329
12/1/1933,0.5,1,0,0,79640.73909,0,0,0,0,0,0,0,122329
1/1/1934,0.5,1,0,0,3635599.739,0,0,1752096.26,0,0,0,0,122329
2/1/1934,0.5,1,0,0,0,0,0,387964.1719,0,0,0,0,122329
3/1/1934,0.5,1,0,0,111497.0347,0,0,79640.73909,0,0,0,290728.518,122329
4/1/1934,0.5,1,0,0,0,0,0,205738.576,0,0,0,480811.0521,122329
5/1/1934,0.5,1,0,0,0,0,0,211047.9586,0,0,0,389602.4956,122329
6/1/1934,0.5,1,0,0,0,0,0,82295.43039,0,0,0,0,122329
7/1/1934,0.5,1,0,0,0,0,0,139371.2934,0,0,0,0,122329
8/1/1934,0.5,1,0,0,0,0,0,135389.2565,0,0,0,0,122329
9/1/1934,0.5,1,0,0,0,0,0,32918.17216,0,0,0,0,122329
10/1/1934,0.5,1,0,0,0,0,0,0,0,0,0,0,122329
11/1/1934,0.5,1,0,0,0,0,0,0,0,0,0,0,122329
12/1/1934,0.5,1,0,0,0,0,0,0,0,0,0,0,122329
1/1/1935,0.5,1,23892.22173,712784.6149,3181647.527,79640.73909,0,2349401.803,0,0,0,0,122329
2/1/1935,0.5,1,0,0,52904.20525,0,0,211616.821,0,0,0,0,122329
3/1/1935,0.5,1,63712.59127,2194102.362,3735150.663,398203.6955,0,3743114.737,0,0,0,0,122329
4/1/1935,0.5,1,1423710.946,11648918.17,12570626.99,74189330.5,576068.0128,2263124.336,0,0,0,759339.9362,122329
5/1/1935,0.5,1,0,0,461916.2867,0,0,199101.8477,0,0,0,1079649.679,122329
6/1/1935,0.5,1,0,0,0,0,0,123443.1456,0,0,0,1149543.719,122329
7/1/1935,0.5,1,0,0,0,0,0,51766.48041,0,0,0,0,122329
8/1/1935,0.5,1,0,0,0,0,0,0,0,0,0,0,122329
9/1/1935,0.5,1,0,0,0,0,0,0,0,0,0,0,122329
10/1/1935,0.5,1,0,0,0,0,0,0,0,0,0,0,122329
11/1/1935,0.5,1,0,0,0,0,0,0,0,0,0,0,122329
12/1/1935,0.5,1,0,0,0,0,0,0,0,0,0,0,122329
1/1/1936,0.5,1,1756078.297,13698207.12,9198505.365,30263480.85,0,1552994.412,0,0,0,0,122329
2/1/1936,0.5,1,1430237.825,20959794.79,14366228.15,78365114.15,15877342.52,4384359.999,0,0,0,0,122329
3/1/1936,0.5,1,0,434042.028,3886468.068,5773953.584,0,995509.2386,0,0,0,0,122329
4/1/1936,0.5,1,0,246886.2912,1127447.396,0,0,193394.2614,0,0,0,871961.2327,122329
5/1/1936,0.5,1,0,0,0,0,0,31856.29564,0,0,0,1340592.561,122329
6/1/1936,0.5,1,0,0,0,0,0,41147.7152,0,0,0,907060.2338,122329
7/1/1936,0.5,1,0,0,0,0,0,123443.1456,0,0,0,0,122329
8/1/1936,0.5,1,0,0,0,0,0,119461.1086,0,0,0,0,122329
9/1/1936,0.5,1,0,0,0,0,0,53492.02976,0,0,0,0,122329
10/1/1936,0.5,1,0,0,0,0,0,0,0,0,0,0,122329
11/1/1936,0.5,1,0,0,0,0,0,0,0,0,0,0,122329
12/1/1936,0.5,1,0,0,0,0,0,0,0,0,0,0,122329
1/1/1937,0.5,1,0,0,0,0,0,0,0,0,0,0,122329
2/1/1937,0.5,1,0,1657665.098,2693705.784,1895734.022,0,3394686.504,0,0,0,733604.9795,122329
3/1/1937,0.5,1,533592.9519,10217906.83,13144703.99,24489527.27,0,3703294.368,0,0,0,0,122329
4/1/1937,0.5,1,0,2259009.564,6958078.64,1110988.31,0,740658.8735,0,0,0,705683.3156,122329
5/1/1937,0.5,1,0,0,0,0,0,0,0,0,0,1729717.212,122329
6/1/1937,0.5,1,0,0,0,0,0,222197.6621,0,0,0,1291544.485,122329
7/1/1937,0.5,1,0,0,0,0,0,151317.4043,0,0,0,0,122329
8/1/1937,0.5,1,0,0,0,0,0,175209.626,0,0,0,0,122329
9/1/1937,0.5,1,0,0,0,0,0,160476.0893,0,0,0,0,122329
10/1/1937,0.5,1,0,0,0,0,0,0,0,0,0,0,122329
11/1/1937,0.5,1,855872.4761,8283035.069,7805721.573,16911710.95,0,0,0,0,0,0,122329
12/1/1937,0.5,1,3046258.27,13065063.25,12149194.75,68769778.2,12105392.34,0,0,0,0,0,122329
1/1/1938,0.5,1,0,2146317.918,4045749.546,0,0,5017366.563,0,0,0,0,122329
2/1/1938,0.5,1,13204007.89,46463118.26,30499274.33,96065219.37,21249855.78,8376499.165,0,0,0,0,122329
3/1/1938,0.5,1,11348805.32,42106058.76,32525277.84,152432374.6,2588324.02,8123355.387,0,0,0,903364.9035,122329
4/1/1938,0.5,1,0,18627570.67,24030265.67,66206673.75,0,2139681.19,0,0,0,884264.3996,122329
5/1/1938,0.5,1,0,1823772.925,11400571.8,23095814.34,18158088.51,876048.13,0,0,0,1631400.72,122329
6/1/1938,0.5,1,0,0,0,0,4731987.248,189279.4899,0,0,0,2048909.33,122329
7/1/1938,0.5,1,0,0,0,0,0,3982.036955,0,0,0,965643.9615,122329
8/1/1938,0.5,1,0,0,0,0,0,3982.036955,0,0,0,0,122329
9/1/1938,0.5,1,0,0,0,0,0,4114.77152,0,0,0,0,122329
10/1/1938,0.5,1,0,0,0,0,0,0,0,0,0,0,122329
11/1/1938,0.5,1,0,0,0,0,0,0,0,0,0,0,122329
12/1/1938,0.5,1,0,0,0,0,0,0,0,0,0,0,122329
1/1/1939,0.5,1,0,0,0,0,0,0,0,0,0,0,122329
2/1/1939,0.5,1,0,0,0,0,0,0,0,0,0,0,122329
3/1/1939,0.5,1,0,0,334491.1042,0,0,0,0,0,0,0,122329
4/1/1939,0.5,1,0,0,0,0,0,41147.7152,0,0,0,630300.7014,122329
5/1/1939,0.5,1,0,0,0,0,0,242904.2542,0,0,0,609570.217,122329
6/1/1939,0.5,1,0,0,0,0,0,172820.4038,0,0,0,365967.779,122329
7/1/1939,0.5,1,0,0,0,0,0,183173.6999,0,0,0,0,122329
8/1/1939,0.5,1,0,0,0,0,0,143353.3304,0,0,0,0,122329
9/1/1939,0.5,1,0,0,0,0,0,16459.08608,0,0,0,0,122329
10/1/1939,0.5,1,0,0,0,0,0,0,0,0,0,0,122329
11/1/1939,0.5,1,0,0,0,0,0,0,0,0,0,0,122329
12/1/1939,0.5,1,0,0,0,0,0,0,0,0,0,0,122329
1/1/1940,0.5,1,915868.4995,17258148.16,11273146.62,13459284.91,477844.4345,5415570.258,424763.8819,212362.0308,0,0,122329
2/1/1940,0.5,1,2851962.329,20687368.54,16405168.38,36437011.25,10428817.47,1149298.252,18218505.62,9109252.812,0,0,122329
3/1/1940,0.5,1,3544012.89,24740395.6,16441830.59,110700627.3,22379047.68,2030838.847,9317966.474,4658983.237,0,0,122329
4/1/1940,0.5,1,2291927.736,20174724.76,12772250.8,77851477.15,12508905.42,12344314.56,3730739.894,1865349.373,0,687784.0595,122329
5/1/1940,0.5,1,0,0,0,0,0,131407.2195,0,0,0,1344654.239,122329
6/1/1940,0.5,1,0,0,0,0,0,90524.97343,0,0,0,933559.3624,122329
7/1/1940,0.5,1,0,0,0,0,0,95568.88691,0,0,0,0,122329
8/1/1940,0.5,1,0,0,0,0,0,139371.2934,0,0,0,0,122329
9/1/1940,0.5,1,0,0,0,0,0,86410.20191,0,0,0,0,122329
10/1/1940,0.5,1,0,0,0,0,0,0,0,0,0,0,122329
11/1/1940,0.5,1,0,0,0,0,0,0,0,0,0,0,122329
12/1/1940,0.5,1,8919762.778,35515787.6,10357278.12,54314984.06,1592814.782,2333473.655,6052696.171,3026348.085,0,0,122329
1/1/1941,0.5,1,7900361.318,59089446.37,22801143.6,75340139.18,1194611.086,14287548.59,2362661.986,1181350.903,0,0,122329
2/1/1941,0.5,1,7402180.052,55549415.52,24102274.18,96506087.75,1719386.671,12569157.43,6201563.2,3100759.557,0,0,122329
3/1/1941,0.5,1,7864522.985,39402255.66,16405992.25,73229659.59,915868.4995,12284584,8309197.052,4154578.616,0,0,122329
4/1/1941,0.5,1,6229764.081,48060531.35,17347876.73,56084335.81,822954.3039,5731876.727,4251916.854,2125979.001,0,0,122329
5/1/1941,0.5,1,0,67694.62823,3575869.185,3384731.411,438024.065,1110988.31,0,0,0,1604083.946,122329
6/1/1941,0.5,1,0,0,0,0,0,576068.0128,0,0,0,1628379.681,122329
7/1/1941,0.5,1,0,0,0,0,0,119461.1086,0,0,0,832643.9272,122329
8/1/1941,0.5,1,0,0,0,0,0,127425.1825,0,0,0,0,122329
9/1/1941,0.5,1,0,0,0,0,0,131672.6886,0,0,0,0,122329
10/1/1941,0.5,1,0,0,0,0,0,3982.036955,0,0,0,0,122329
11/1/1941,0.5,1,0,0,0,0,0,0,0,0,0,0,122329
12/1/1941,0.5,1,1740150.149,26520366.12,11448356.24,22179945.84,358383.3259,1055239.793,0,0,0,0,122329
1/1/1942,0.5,1,4961618.045,30104199.38,10281619.42,41970669.5,5973055.432,3328982.894,2946707.346,1473353.673,0,0,122329
2/1/1942,0.5,1,11660968.57,55315755.28,22550417.49,130673387,11903446.18,13230460,14842583.39,7421269.652,0,0,122329
3/1/1942,0.5,1,0,0,0,0,0,2026856.81,0,0,0,0,122329
4/1/1942,0.5,1,0,9311727.949,10393912.86,17035154.09,781806.5887,1596531.35,0,0,0,623223.2944,122329
5/1/1942,0.5,1,0,0,378293.5107,0,79640.73909,1194611.086,0,0,0,1072681.115,122329
6/1/1942,0.5,1,0,0,0,0,0,711855.4729,0,0,0,1493209.437,122329
7/1/1942,0.5,1,0,0,0,0,0,159281.4782,0,0,0,622113.6334,122329
8/1/1942,0.5,1,0,0,0,0,0,119461.1086,0,0,0,0,122329
9/1/1942,0.5,1,0,0,0,0,0,74065.88735,0,0,0,0,122329
10/1/1942,0.5,1,0,0,0,0,0,3982.036955,0,0,0,0,122329
11/1/1942,0.5,1,0,0,0,0,0,12344.31456,0,0,0,0,122329
12/1/1942,0.5,1,0,159281.4782,1341946.454,0,0,657036.0975,0,0,0,0,122329
1/1/1943,0.5,1,4766498.235,32322193.96,9341858.695,57142230.3,3988527.675,4005929.176,4990806.376,2495423.098,0,0,122329
2/1/1943,0.5,1,96991.04296,6776146.956,10475032.64,15915348.41,333252.4063,3645981.479,0,0,0,0,122329
3/1/1943,0.5,1,207065.9216,11591709.57,11874434.2,29307791.99,5690211.347,1676437.558,0,0,0,652138.192,122329
4/1/1943,0.5,1,0,0,3217751.328,0,1645.908608,567838.4697,0,0,0,801392.9012,122329
5/1/1943,0.5,1,0,0,215029.9955,0,0,513682.7671,0,0,0,1306426.684,122329
6/1/1943,0.5,1,0,0,0,0,0,94639.74495,0,0,0,851222.7843,122329
7/1/1943,0.5,1,0,0,0,0,0,83622.77604,0,0,0,0,122329
8/1/1943,0.5,1,0,0,0,0,0,119461.1086,0,0,0,0,122329
9/1/1943,0.5,1,0,0,0,0,0,160476.0893,0,0,0,0,122329
10/1/1943,0.5,1,0,0,0,0,0,7964.073909,0,0,0,0,122329
11/1/1943,0.5,1,0,0,0,0,0,0,0,0,0,0,122329
12/1/1943,0.5,1,0,0,0,0,0,0,0,0,0,0,122329
1/1/1944,0.5,1,0,0,0,0,0,0,0,0,0,0,122329
2/1/1944,0.5,1,0,0,353302.796,0,0,940721.9026,0,0,0,0,122329
3/1/1944,0.5,1,0,131407.2195,0,0,0,410149.8063,0,0,0,0,122329
4/1/1944,0.5,1,0,0,0,0,0,119328.3741,0,0,0,347533.6026,122329
5/1/1944,0.5,1,0,0,0,0,0,318562.9564,0,0,0,960586.7745,122329
6/1/1944,0.5,1,0,0,0,0,0,329181.7216,0,0,0,733663.762,122329
7/1/1944,0.5,1,0,0,0,0,0,330509.0672,0,0,0,345083.3225,122329
8/1/1944,0.5,1,0,0,0,0,0,366347.3998,0,0,0,0,122329
9/1/1944,0.5,1,0,0,0,0,0,279804.4633,0,0,0,0,122329
10/1/1944,0.5,1,0,0,0,0,0,39820.36955,0,0,0,0,122329
11/1/1944,0.5,1,0,0,0,0,0,8229.543039,0,0,0,0,122329
12/1/1944,0.5,1,0,0,0,0,0,0,0,0,0,0,122329
1/1/1945,0.5,1,0,0,0,0,0,187155.7369,0,0,0,0,122329
2/1/1945,0.5,1,0,3302104.145,4117710.642,23718718.69,728402.7327,987545.1647,0,0,0,0,122329
3/1/1945,0.5,1,0,0,286706.6607,0,0,509700.7302,0,0,0,0,122329
4/1/1945,0.5,1,0,0,0,0,0,419706.695,0,0,0,657746.2274,122329
5/1/1945,0.5,1,0,0,0,0,0,326527.0303,0,0,0,1186686.833,122329
6/1/1945,0.5,1,0,0,0,0,0,308607.864,0,0,0,1292367.439,122329
7/1/1945,0.5,1,0,0,0,0,0,330509.0672,0,0,0,590018.4155,122329
8/1/1945,0.5,1,0,0,0,0,0,326527.0303,0,0,0,0,122329
9/1/1945,0.5,1,0,0,0,0,0,230427.2051,0,0,0,0,122329
10/1/1945,0.5,1,0,0,0,0,0,119461.1086,0,0,0,0,122329
11/1/1945,0.5,1,0,0,0,0,0,0,0,0,0,0,122329
12/1/1945,0.5,1,1537066.264,21343718.08,7537995.955,40616776.94,668185.801,2305599.397,0,0,0,0,122329
1/1/1946,0.5,1,310598.8825,15251201.54,11758955.13,30860786.4,368019.8553,2739641.425,0,0,0,0,122329
2/1/1946,0.5,1,0,0,0,0,0,480546.531,0,0,0,0,122329
3/1/1946,0.5,1,0,0,0,0,0,199101.8477,0,0,0,0,122329
4/1/1946,0.5,1,0,0,0,0,0,366214.6652,0,0,0,751809.9044,122329
5/1/1946,0.5,1,0,0,0,0,0,179191.663,0,0,0,1111466.155,122329
6/1/1946,0.5,1,0,0,0,0,0,156361.3177,0,0,0,685891.2646,122329
7/1/1946,0.5,1,0,0,0,0,0,175209.626,0,0,0,0,122329
8/1/1946,0.5,1,0,0,0,0,0,175209.626,0,0,0,0,122329
9/1/1946,0.5,1,0,0,0,0,0,135787.4601,0,0,0,0,122329
10/1/1946,0.5,1,0,0,0,0,0,7964.073909,0,0,0,0,122329
11/1/1946,0.5,1,0,0,0,0,0,20573.8576,0,0,0,0,122329
12/1/1946,0.5,1,0,0,0,0,0,410149.8063,0,0,0,0,122329
1/1/1947,0.5,1,0,0,0,0,0,0,0,0,0,0,122329
2/1/1947,0.5,1,0,1093353.575,1027223.319,0,0,524633.3688,0,0,0,0,122329
3/1/1947,0.5,1,0,0,95568.88691,0,0,242904.2542,0,0,0,0,122329
4/1/1947,0.5,1,0,0,0,0,0,288034.0064,0,0,0,466039.0223,122329
5/1/1947,0.5,1,0,0,0,0,0,115479.0717,0,0,0,893409.8111,122329
6/1/1947,0.5,1,0,0,0,0,0,82295.43039,0,0,0,410325.0159,122329
7/1/1947,0.5,1,0,0,0,0,0,131407.2195,0,0,0,0,122329
8/1/1947,0.5,1,0,0,0,0,0,155299.4412,0,0,0,0,122329
9/1/1947,0.5,1,0,0,0,0,0,65836.34431,0,0,0,0,122329
10/1/1947,0.5,1,0,0,0,0,0,0,0,0,0,0,122329
11/1/1947,0.5,1,0,0,0,0,0,8229.543039,0,0,0,0,122329
12/1/1947,0.5,1,0,0,0,0,0,0,0,0,0,0,122329
1/1/1948,0.5,1,0,47784.44345,792425.3539,0,0,83622.77604,0,0,0,0,122329
2/1/1948,0.5,1,0,0,0,0,0,0,0,0,0,0,122329
3/1/1948,0.5,1,0,1477335.71,852155.9083,0,0,254850.3651,0,0,0,0,122329
4/1/1948,0.5,1,0,2765126.461,6262682.253,13572615.01,0,1427825.717,0,0,0,391931.9872,122329
5/1/1948,0.5,1,0,2882994.755,6741588.564,9304148.805,0,1114970.347,0,0,0,904479.8738,122329
6/1/1948,0.5,1,0,0,0,0,0,1938057.386,0,0,0,730125.0584,122329
7/1/1948,0.5,1,0,0,0,0,0,3982.036955,0,0,0,0,122329
8/1/1948,0.5,1,0,0,0,0,0,11946.11086,0,0,0,0,122329
9/1/1948,0.5,1,0,0,0,0,0,12344.31456,0,0,0,0,122329
10/1/1948,0.5,1,0,0,0,0,0,0,0,0,0,0,122329
11/1/1948,0.5,1,0,0,0,0,0,0,0,0,0,0,122329
12/1/1948,0.5,1,0,0,0,0,0,0,0,0,0,0,122329
1/1/1949,0.5,1,0,0,0,0,0,0,0,0,0,0,122329
2/1/1949,0.5,1,0,0,0,0,0,0,0,0,0,0,122329
3/1/1949,0.5,1,473862.3976,5742097.288,6311528.573,1314072.195,0,5069133.043,0,0,0,0,122329
4/1/1949,0.5,1,0,0,0,0,0,411477.152,0,0,0,522041.0627,122329
5/1/1949,0.5,1,0,0,0,0,0,87604.813,0,0,0,893011.6074,122329
6/1/1949,0.5,1,0,0,0,0,0,94639.74495,0,0,0,562036.6419,122329
7/1/1949,0.5,1,0,0,0,0,0,115479.0717,0,0,0,0,122329
8/1/1949,0.5,1,0,0,0,0,0,107514.9978,0,0,0,0,122329
9/1/1949,0.5,1,0,0,0,0,0,53492.02976,0,0,0,0,122329
10/1/1949,0.5,1,0,0,0,0,0,0,0,0,0,0,122329
11/1/1949,0.5,1,0,0,0,0,0,0,0,0,0,0,122329
12/1/1949,0.5,1,0,0,0,0,0,0,0,0,0,0,122329
1/1/1950,0.5,1,0,0,95568.88691,0,0,127425.1825,0,0,0,0,122329
2/1/1950,0.5,1,39678.15394,4064806.437,3099304.691,10007712.16,0,969910.4296,0,0,0,0,122329
3/1/1950,0.5,1,0,0,0,0,0,0,0,0,0,0,122329
4/1/1950,0.5,1,0,0,0,0,0,98754.51647,0,0,0,717410.4145,122329
5/1/1950,0.5,1,0,0,0,0,0,55748.51736,0,0,0,939282.8768,122329
6/1/1950,0.5,1,0,0,0,0,0,57606.80128,0,0,0,716710.9033,122329
7/1/1950,0.5,1,0,0,0,0,0,51766.48041,0,0,0,0,122329
8/1/1950,0.5,1,0,0,0,0,0,55748.51736,0,0,0,0,122329
9/1/1950,0.5,1,0,0,0,0,0,20573.8576,0,0,0,0,122329
10/1/1950,0.5,1,0,0,0,0,0,0,0,0,0,0,122329
11/1/1950,0.5,1,0,0,378558.9798,25717322,17173492.71,415591.9235,0,0,0,591786.44,122329
12/1/1950,0.5,1,234940.1803,11476230.5,15665333.38,54394624.8,6383125.597,2154281.992,0,0,0,564772.3013,122329
1/1/1951,0.5,1,258832.402,4495719.722,6470810.051,15171560.8,0,1397694.971,0,0,0,0,122329
2/1/1951,0.5,1,13226.05131,14667690.91,17727317.44,23762805.53,0,1049266.738,0,0,0,0,122329
3/1/1951,0.5,1,0,0,47784.44345,0,0,378293.5107,0,0,0,0,122329
4/1/1951,0.5,1,0,0,0,0,0,16459.08608,0,0,0,514922.508,122329
5/1/1951,0.5,1,0,0,0,0,0,171227.589,0,0,0,780359.782,122329
6/1/1951,0.5,1,0,0,0,0,0,102869.288,0,0,0,661449.5218,122329
7/1/1951,0.5,1,0,0,0,0,0,103532.9608,0,0,0,0,122329
8/1/1951,0.5,1,0,0,0,0,0,127425.1825,0,0,0,0,122329
9/1/1951,0.5,1,0,0,0,0,0,53492.02976,0,0,0,0,122329
10/1/1951,0.5,1,0,0,0,0,0,0,0,0,0,0,122329
11/1/1951,0.5,1,0,0,0,0,0,0,0,0,0,0,122329
12/1/1951,0.5,1,919850.5365,7621618.731,5746079.325,5256288.78,0,1218503.308,238922.2173,119461.1086,0,0,122329
1/1/1952,0.5,1,366347.3998,10703715.33,15963986.15,32334140.07,0,7768954.098,0,0,0,0,122329
2/1/1952,0.5,1,719375.5726,19363547.22,21764303.57,36607277.66,0,3311681.63,0,0,0,0,122329
3/1/1952,0.5,1,0,2683892.907,10038715.16,6689822.084,0,1274251.825,0,0,0,0,122329
4/1/1952,0.5,1,0,0,5838860.786,25840765.14,0,1205628.055,0,0,0,804643.5707,122329
5/1/1952,0.5,1,0,0,923832.5734,10558370.98,0,1314072.195,0,0,0,1732424.997,122329
6/1/1952,0.5,1,0,0,0,0,0,958741.7641,0,0,0,1647513.369,122329
7/1/1952,0.5,1,0,0,0,0,0,95568.88691,0,0,0,1070929.019,122329
8/1/1952,0.5,1,0,0,0,0,0,143353.3304,0,0,0,0,122329
9/1/1952,0.5,1,0,0,0,0,0,106984.0595,0,0,0,0,122329
10/1/1952,0.5,1,0,0,0,0,0,0,0,0,0,0,122329
11/1/1952,0.5,1,0,0,0,0,0,0,0,0,0,0,122329
12/1/1952,0.5,1,0,5562905.625,7207486.888,0,0,3659491.961,0,0,0,0,122329
1/1/1953,0.5,1,10659912.93,68168490.62,34894589.83,79202715.03,0,8505630.935,2362661.986,1181350.903,0,104448.8293,122329
2/1/1953,0.5,1,0,0,476137.8473,661302.5657,0,427642.3258,0,0,0,0,122329
3/1/1953,0.5,1,0,0,0,0,0,155299.4412,0,0,0,0,122329
4/1/1953,0.5,1,0,0,0,0,0,271574.9203,0,0,0,138503.2094,122329
5/1/1953,0.5,1,0,0,0,0,0,1071167.941,0,0,0,32135.03822,122329
6/1/1953,0.5,1,0,0,0,0,0,304493.0925,0,0,0,232608.034,122329
7/1/1953,0.5,1,0,0,0,0,0,111497.0347,0,0,0,0,122329
8/1/1953,0.5,1,0,0,0,0,0,183173.6999,0,0,0,0,122329
9/1/1953,0.5,1,0,0,0,0,0,119328.3741,0,0,0,0,122329
10/1/1953,0.5,1,0,0,0,0,0,0,0,0,0,0,122329
11/1/1953,0.5,1,0,0,0,0,0,4114.77152,0,0,0,0,122329
12/1/1953,0.5,1,0,0,0,0,0,0,0,0,0,0,122329
1/1/1954,0.5,1,390239.6215,10209942.75,8366259.641,318562.9564,0,302634.8085,0,0,0,10074.55349,122329
2/1/1954,0.5,1,2336602.399,25473374.83,20068328.53,26275755.28,0,1304970.396,0,0,0,0,122329
3/1/1954,0.5,1,0,0,4451917.315,5654492.475,0,422095.9172,0,0,0,0,122329
4/1/1954,0.5,1,0,979315.6217,2164369.819,3396826.185,0,440280.5526,0,0,0,0,122329
5/1/1954,0.5,1,0,0,0,0,0,199101.8477,0,0,0,0,122329
6/1/1954,0.5,1,0,0,0,0,0,156361.3177,0,0,0,176564.8459,122329
7/1/1954,0.5,1,0,0,0,0,0,203083.8847,0,0,0,686184.608,122329
8/1/1954,0.5,1,0,0,0,0,0,167245.5521,0,0,0,680649.5766,122329
9/1/1954,0.5,1,0,0,0,0,0,156361.3177,0,0,0,0,122329
10/1/1954,0.5,1,0,0,0,0,0,0,0,0,0,0,122329
11/1/1954,0.5,1,0,0,266884.0808,0,0,288034.0064,0,0,0,0,122329
12/1/1954,0.5,1,0,0,499466.8952,0,0,676946.2823,0,0,0,0,122329
1/1/1955,0.5,1,0,0,0,0,0,238922.2173,0,0,0,11149.70347,122329
2/1/1955,0.5,1,0,0,0,0,0,0,0,0,0,0,122329
3/1/1955,0.5,1,0,0,0,0,0,0,0,0,0,0,122329
4/1/1955,0.5,1,0,0,0,0,0,164590.8608,0,0,0,0,122329
5/1/1955,0.5,1,0,0,0,0,0,199101.8477,0,0,0,0,122329
6/1/1955,0.5,1,0,0,0,0,0,246886.2912,0,0,0,0,122329
7/1/1955,0.5,1,0,0,0,0,0,278742.5868,0,0,0,137181.1731,122329
8/1/1955,0.5,1,0,0,0,0,0,199101.8477,0,0,0,595712.7284,122329
9/1/1955,0.5,1,0,0,0,0,0,82295.43039,0,0,0,535414.0701,122329
10/1/1955,0.5,1,0,0,0,0,0,0,0,0,0,0,122329
11/1/1955,0.5,1,0,0,0,0,0,0,0,0,0,0,122329
12/1/1955,0.5,1,6525125.035,34271082.49,16698472.87,111225579.3,23473391.08,2867066.607,1725536.073,862787.9469,0,8362.277604,122329
1/1/1956,0.5,1,8520643.214,75206860.4,35808706.24,136560851.4,2287839.512,7804792.431,2681224.943,1340632.381,0,4340.42028,122329
2/1/1956,0.5,1,3851426.142,27794926.89,12788284.22,35164865.78,0,3490461.358,652673.7074,326358.137,0,191975.3747,122329
3/1/1956,0.5,1,0,4314178.657,4221158.274,6970993.713,0,876048.13,0,0,0,161750.3411,122329
4/1/1956,0.5,1,0,0,0,0,0,576068.0128,0,0,0,19092.53985,122329
5/1/1956,0.5,1,0,0,0,0,0,2787425.868,0,0,0,37510.78811,122329
6/1/1956,0.5,1,0,0,0,0,0,370329.4368,0,0,0,1492016.153,122329
7/1/1956,0.5,1,0,0,0,0,0,159281.4782,0,0,0,1867734.613,122329
8/1/1956,0.5,1,0,0,0,0,0,159281.4782,0,0,0,1716695.951,122329
9/1/1956,0.5,1,0,0,0,0,0,41147.7152,0,0,0,480646.4612,122329
10/1/1956,0.5,1,0,0,0,0,0,0,0,0,0,0,122329
11/1/1956,0.5,1,0,0,0,0,0,0,0,0,0,0,122329
12/1/1956,0.5,1,0,0,0,0,0,0,0,0,0,0,122329
1/1/1957,0.5,1,0,0,0,0,0,0,0,0,0,445789.0371,122329
2/1/1957,0.5,1,18119.6903,3964068.013,2764288.811,8379849.765,36239.3806,0,0,0,0,275983.6041,122329
3/1/1957,0.5,1,244855.4523,9938288.19,7093202.427,17276186.79,231874.0119,0,0,0,0,0,122329
4/1/1957,0.5,1,0,0,0,0,0,205738.576,0,0,0,0,122329
5/1/1957,0.5,1,0,364834.2258,1116483.521,778368.7635,19034.13664,1138743.108,0,0,0,0,122329
6/1/1957,0.5,1,0,0,0,0,0,123443.1456,0,0,0,64149.28799,122329
7/1/1957,0.5,1,0,0,0,0,0,218613.8288,0,0,0,1061053.567,122329
8/1/1957,0.5,1,0,0,0,0,0,119461.1086,0,0,0,1246855.411,122329
9/1/1957,0.5,1,0,0,0,0,0,82295.43039,0,0,0,732347.0351,122329
10/1/1957,0.5,1,0,0,102816.1942,0,0,100904.8164,0,0,0,227215.0286,122329
11/1/1957,0.5,1,0,0,12714.644,0,0,0,0,0,0,20162.38045,122329
12/1/1957,0.5,1,0,0,127305.7214,0,0,0,0,0,0,0,122329
1/1/1958,0.5,1,421140.2283,7553486.079,4679012.883,3737539.886,2150.299955,1542043.811,0,0,0,176762.6204,122329
2/1/1958,0.5,1,36065810.72,117788038.7,37260652.19,223220785.3,1633858.206,15683892.52,24012645.64,12006300.77,0,203593.0165,122329
3/1/1958,0.5,1,1486215.653,23485615.93,12119886.96,54577041.91,522244.1466,4400628.679,0,0,0,139650.036,122329
4/1/1958,0.5,1,5251929.777,36734211.26,15993335.09,82959101.89,1789596.429,3433982.572,82295.43039,41147.7152,0,15430.3932,122329
5/1/1958,0.5,1,0,0,0,0,17441.32186,2388823.969,0,0,0,75579.0614,122329
6/1/1958,0.5,1,0,0,0,0,0,1606324.506,0,0,0,1876294.665,122329
7/1/1958,0.5,1,0,0,0,0,0,334451.2838,0,0,0,1576846.814,122329
8/1/1958,0.5,1,0,0,0,0,0,280255.7609,0,0,0,806322.6629,122329
9/1/1958,0.5,1,0,0,0,0,0,169363.9957,0,0,0,164590.8608,122329
10/1/1958,0.5,1,0,0,0,0,0,0,0,0,0,123920.99,122329
11/1/1958,0.5,1,0,0,0,0,0,0,0,0,0,187468.9904,122329
12/1/1958,0.5,1,0,0,0,0,0,0,0,0,0,388606.9864,122329
1/1/1959,0.5,1,0,1270747.633,2360312.584,0,0,713222.6389,0,0,0,404853.6972,122329
2/1/1959,0.5,1,678231.9113,14245118.57,9580819.311,21893170.91,80811.17352,1908386.944,0,0,0,64631.30408,122329
3/1/1959,0.5,1,0,0,0,0,0,0,0,0,0,280295.5812,122329
4/1/1959,0.5,1,0,0,0,0,0,205738.576,0,0,0,41641.48778,122329
5/1/1959,0.5,1,0,0,0,0,0,199101.8477,0,0,0,0,122329
6/1/1959,0.5,1,0,0,0,0,0,219358.4697,0,0,0,0,122329
7/1/1959,0.5,1,0,0,0,0,0,372200.9941,0,0,0,185523.1017,122329
8/1/1959,0.5,1,0,0,0,0,0,227812.3342,0,0,0,698847.4855,122329
9/1/1959,0.5,1,0,0,0,0,0,82295.43039,0,0,0,452172.2423,122329
10/1/1959,0.5,1,0,0,0,0,0,0,0,0,0,0,122329
11/1/1959,0.5,1,0,0,0,0,0,0,0,0,0,10451.51966,122329
12/1/1959,0.5,1,0,0,0,0,0,0,0,0,0,0,122329
1/1/1960,0.5,1,0,0,0,0,0,0,0,0,0,3862.575846,122329
2/1/1960,0.5,1,568051.3027,7274376.87,3721640.573,19303443.17,65637.70017,897389.1018,0,0,0,0,122329
3/1/1960,0.5,1,0,151795.2487,680689.397,811778.0535,0,0,0,0,0,0,122329
4/1/1960,0.5,1,0,0,0,0,0,205738.576,0,0,0,0,122329
5/1/1960,0.5,1,0,0,0,0,0,199101.8477,0,0,0,0,122329
6/1/1960,0.5,1,0,0,0,0,0,268324.2508,0,0,0,0,122329
7/1/1960,0.5,1,0,0,0,0,0,340703.0818,0,0,0,275118.9332,122329
8/1/1960,0.5,1,0,0,0,0,0,262973.7205,0,0,0,0,122329
9/1/1960,0.5,1,0,0,0,0,0,82295.43039,0,0,0,0,122329
10/1/1960,0.5,1,0,0,0,0,0,0,0,0,0,0,122329
11/1/1960,0.5,1,0,0,0,0,0,0,0,0,0,0,122329
12/1/1960,0.5,1,2389.222173,1540092.613,832484.6457,0,0,176125.4945,0,0,0,0,122329
1/1/1961,0.5,1,0,0,0,0,0,15848.50708,0,0,0,0,122329
2/1/1961,0.5,1,0,3831851.586,5619220.161,0,0,2759395.172,0,0,0,0,122329
3/1/1961,0.5,1,0,0,494568.9898,0,0,215547.6603,0,0,0,0,122329
4/1/1961,0.5,1,0,0,0,0,0,205738.576,0,0,0,0,122329
5/1/1961,0.5,1,0,0,0,0,0,199101.8477,0,0,0,0,122329
6/1/1961,0.5,1,0,0,0,0,0,166977.4283,0,0,0,0,122329
7/1/1961,0.5,1,0,0,0,0,0,355237.5167,0,0,0,0,122329
8/1/1961,0.5,1,0,0,0,0,0,330349.7857,0,0,0,0,122329
9/1/1961,0.5,1,0,0,0,0,0,82295.43039,0,0,0,0,122329
10/1/1961,0.5,1,0,0,0,0,0,0,0,0,0,0,122329
11/1/1961,0.5,1,0,0,0,0,0,0,0,0,0,0,122329
12/1/1961,0.5,1,0,1084667.046,580302.2454,0,0,355277.3371,0,0,0,0,122329
1/1/1962,0.5,1,0,0,0,0,0,0,0,0,0,0,122329
2/1/1962,0.5,1,626826.6586,10895621.07,6681845.21,32177483.89,240185.0918,2881692.06,0,0,0,8817.367542,122329
3/1/1962,0.5,1,18357.19036,3398469.439,1951437.03,132920.3935,0,799274.4575,0,0,0,0,122329
4/1/1962,0.5,1,0,0,0,0,0,205738.576,0,0,0,0,122329
5/1/1962,0.5,1,0,0,0,0,0,238245.271,0,0,0,0,122329
6/1/1962,0.5,1,0,0,0,0,0,282437.9171,0,0,0,428800.3401,122329
7/1/1962,0.5,1,0,0,0,0,0,406765.0749,0,0,0,352091.7075,122329
8/1/1962,0.5,1,0,0,0,0,0,346875.2391,0,0,0,1365719.214,122329
9/1/1962,0.5,1,0,0,0,0,0,82295.43039,0,0,0,1856049.989,122329
10/1/1962,0.5,1,0,2321129.341,1939172.356,26843309.31,177758.1296,0,0,0,0,240037.1876,122329
11/1/1962,0.5,1,0,0,0,0,0,27486.67375,0,0,0,0,122329
12/1/1962,0.5,1,0,991606.8424,1273216.496,0,0,335685.7153,0,0,0,0,122329
1/1/1963,0.5,1,0,4658.983237,0,0,0,0,0,0,0,0,122329
2/1/1963,0.5,1,533759.3442,8258655.048,9235575.285,42340822.59,13505694.12,3257664.612,0,0,0,0,122329
3/1/1963,0.5,1,0,455425.5665,812893.0239,0,0,56226.3618,0,0,0,0,122329
4/1/1963,0.5,1,1819222.784,23463579.34,14923371.05,54864018.02,0,1037128.162,164590.8608,82295.43039,0,0,122329
5/1/1963,0.5,1,0,0,0,0,0,1310209.619,0,0,0,10671.85904,122329
6/1/1963,0.5,1,0,0,0,0,0,279269.543,0,0,0,808881.7853,122329
7/1/1963,0.5,1,0,0,0,0,0,262097.6723,0,0,0,1304077.282,122329
8/1/1963,0.5,1,0,0,0,0,0,284436.8997,0,0,0,1731867.512,122329
9/1/1963,0.5,1,0,0,0,0,0,82295.43039,0,0,0,2017801.658,122329
10/1/1963,0.5,1,0,0,0,0,0,0,0,0,0,562462.7198,122329
11/1/1963,0.5,1,0,0,0,0,0,0,0,0,0,0,122329
12/1/1963,0.5,1,0,0,0,0,0,0,0,0,0,34364.97892,122329
1/1/1964,0.5,1,0,555812.7181,697812.1559,0,0,56266.18217,0,0,0,355675.5408,122329
2/1/1964,0.5,1,0,0,0,0,0,0,0,0,0,137192.158,122329
3/1/1964,0.5,1,0,0,0,0,0,0,0,0,0,2349.401803,122329
4/1/1964,0.5,1,0,0,0,0,0,205738.576,0,0,0,3826.737513,122329
5/1/1964,0.5,1,0,0,0,0,0,199101.8477,0,0,0,0,122329
6/1/1964,0.5,1,0,0,0,0,0,123443.1456,0,0,0,0,122329
7/1/1964,0.5,1,0,0,0,0,0,574169.9085,0,0,0,0,122329
8/1/1964,0.5,1,0,0,0,0,0,230520.1193,0,0,0,553025.2922,122329
9/1/1964,0.5,1,0,0,0,0,0,82295.43039,0,0,0,1083871.966,122329
10/1/1964,0.5,1,0,0,0,0,0,0,0,0,0,125593.4455,122329
11/1/1964,0.5,1,0,0,0,0,0,0,0,0,0,0,122329
12/1/1964,0.5,1,6909550.883,32782437.79,10506325.76,103222322.1,30532268.35,250788.6874,1460093.49,730026.8349,0,10671.85904,122329
1/1/1965,0.5,1,4443953.241,34993384.17,21695809.78,75182689.44,2312329.039,2374050.612,106200.9256,53080.5526,0,156772.7949,122329
2/1/1965,0.5,1,0,149366.2062,3334816.578,117182.8146,0,2557.036587,0,0,0,418428.1767,122329
3/1/1965,0.5,1,0,0,0,0,0,0,0,0,0,145423.9896,122329
4/1/1965,0.5,1,0,528871.5834,1735939.809,1185383.379,2551.158342,841841.1052,0,0,0,23248.45909,122329
5/1/1965,0.5,1,0,0,0,0,0,523717.5003,0,0,0,81671.57794,122329
6/1/1965,0.5,1,0,0,0,0,0,170845.3135,0,0,0,339262.9118,122329
7/1/1965,0.5,1,0,0,0,0,0,307652.1751,0,0,0,380443.8106,122329
8/1/1965,0.5,1,0,0,0,0,0,119461.1086,0,0,0,982886.1815,122329
9/1/1965,0.5,1,0,0,0,0,0,82295.43039,0,0,0,1669691.987,122329
10/1/1965,0.5,1,0,0,0,0,0,0,0,0,0,97639.54612,122329
11/1/1965,0.5,1,0,0,0,0,0,249643.1881,0,0,0,164.5908608,122329
12/1/1965,0.5,1,0,0,0,0,0,0,0,0,0,38864.68068,122329
1/1/1966,0.5,1,85693.43526,3814711.762,3618835.364,0,0,845107.7029,0,0,0,99431.46275,122329
2/1/1966,0.5,1,0,506822.2863,1520510.946,0,0,938344.2538,0,0,0,138873.5388,122329
3/1/1966,0.5,1,0,0,0,0,0,0,0,0,0,293834.5069,122329
4/1/1966,0.5,1,0,0,0,0,0,205738.576,0,0,0,91965.14346,122329
5/1/1966,0.5,1,0,0,0,0,0,343092.304,0,0,0,0,122329
6/1/1966,0.5,1,0,0,0,0,0,148296.3656,0,0,0,133030.5632,122329
7/1/1966,0.5,1,0,0,0,0,0,452598.3202,0,0,0,34126.0567,122329
8/1/1966,0.5,1,0,0,0,0,0,230281.1971,0,0,0,358343.5055,122329
9/1/1966,0.5,1,0,0,0,0,0,82295.43039,0,0,0,937921.0202,122329
10/1/1966,0.5,1,0,0,0,0,0,0,0,0,0,227095.5675,122329
11/1/1966,0.5,1,0,0,48965.78108,0,0,0,0,0,0,0,122329
12/1/1966,0.5,1,0,10552875.77,8410460.252,11473243.98,194880.8886,1935190.319,0,0,0,171546.152,122329
1/1/1967,0.5,1,1258522.779,12541027.18,7360078.544,27492261.88,653492.0846,2108568.208,132721.2917,66380.55603,0,29307.79199,122329
2/1/1967,0.5,1,2284403.583,20488696.52,11064605.92,44836313.95,567573.9487,3133956.945,0,0,0,69172.24837,122329
3/1/1967,0.5,1,0,0,100387.1516,2967613.04,191217.4146,0,0,0,0,67376.06527,122329
4/1/1967,0.5,1,0,259518.6397,4091358.47,0,0,1127941.169,0,0,0,56578.1084,122329
5/1/1967,0.5,1,0,0,364834.2258,408636.6323,0,864062.1988,0,0,0,1442094.683,122329
6/1/1967,0.5,1,0,0,0,0,0,3052748.99,0,0,0,343542.2742,122329
7/1/1967,0.5,1,0,0,0,0,0,480392.9382,0,0,0,1995279.257,122329
8/1/1967,0.5,1,0,0,0,0,0,547490.2609,0,0,0,1319726.687,122329
9/1/1967,0.5,1,0,0,0,0,0,182202.0829,0,0,0,1271587.843,122329
10/1/1967,0.5,1,0,0,0,0,0,0,0,0,0,440811.4909,122329
11/1/1967,0.5,1,0,0,0,0,0,0,0,0,0,172203.1881,122329
12/1/1967,0.5,1,0,0,0,0,0,0,0,0,0,296263.5494,122329
1/1/1968,0.5,1,0,1625786.048,1542521.655,0,0,401349.5046,0,0,0,1050142.786,122329
2/1/1968,0.5,1,546001.8029,16539338.31,10001959.59,10449845.37,0,2708810.847,0,0,0,398593.6604,122329
3/1/1968,0.5,1,0,1226666.484,2203619.43,2478539.262,0,245412.9375,0,0,0,171705.4335,122329
4/1/1968,0.5,1,0,0,0,0,0,205738.576,0,0,0,234500.8289,122329
5/1/1968,0.5,1,0,0,0,0,0,348468.0539,0,0,0,716.7666518,122329
6/1/1968,0.5,1,0,0,0,0,0,376913.0712,0,0,0,514675.6217,122329
7/1/1968,0.5,1,0,0,0,0,0,585279.7916,0,0,0,477525.8716,122329
8/1/1968,0.5,1,0,0,0,0,0,254014.1373,0,0,0,710913.0575,122329
9/1/1968,0.5,1,0,0,0,0,0,82295.43039,0,0,0,1109301.254,122329
10/1/1968,0.5,1,0,0,0,0,0,0,0,0,0,38227.55476,122329
11/1/1968,0.5,1,0,0,0,0,0,0,0,0,0,0,122329
12/1/1968,0.5,1,0,1380930.595,1718806.431,0,0,890264.0019,0,0,0,0,122329
1/1/1969,0.5,1,9167047.273,45489914.12,14776463.09,99293684.28,16909042.98,3355343.979,1035329.608,517664.8041,0,98316.49241,122329
2/1/1969,0.5,1,3567418.734,44882693.3,23671722.12,80063725.28,1307483.346,5889428.389,0,0,0,344185.942,122329
3/1/1969,0.5,1,93060.20363,5565334.668,3995894.443,10530496.73,242625.5116,3435104.179,0,0,0,18556.29221,122329
4/1/1969,0.5,1,0,0,0,0,0,656306.0574,0,0,0,25799.61743,122329
5/1/1969,0.5,1,0,0,0,0,0,1630166.288,0,0,0,110023.6811,122329
6/1/1969,0.5,1,0,0,0,0,0,453200.9352,0,0,0,5129268.438,122329
7/1/1969,0.5,1,0,0,0,0,0,554060.6219,0,0,0,132681.4713,122329
8/1/1969,0.5,1,0,0,0,0,0,441568.0779,0,0,0,46669.47311,122329
9/1/1969,0.5,1,0,0,0,0,0,477601.5303,0,0,0,139819.9362,122329
10/1/1969,0.5,1,0,0,0,0,0,0,0,0,0,93657.50917,122329
11/1/1969,0.5,1,0,0,0,0,0,0,0,0,0,154633.1137,122329
12/1/1969,0.5,1,105285.0571,13155574.95,8789948.373,19813580.56,0,1107404.477,0,0,0,48740.13232,122329
1/1/1970,0.5,1,22087562.58,72170796.15,25265666.09,212521312.3,17131877.77,6036210.538,8282636.865,4141318.433,0,78207.20579,122329
2/1/1970,0.5,1,4774516.35,37089242.57,19470158.31,67133232.12,1019772.643,1856849.431,146941.4301,73492.75846,0,145089.7829,122329
3/1/1970,0.5,1,0,78366.48726,1696785.767,0,0,688016.345,0,0,0,88401.22039,122329
4/1/1970,0.5,1,0,0,0,0,0,205738.576,0,0,0,121920.6801,122329
5/1/1970,0.5,1,0,0,0,0,0,204238.6754,0,0,0,27953.89942,122329
6/1/1970,0.5,1,0,0,0,0,0,212322.2104,0,0,0,107642.423,122329
7/1/1970,0.5,1,0,0,0,0,0,409791.423,0,0,0,57182.05067,122329
8/1/1970,0.5,1,0,0,0,0,0,247682.6986,0,0,0,114762.305,122329
9/1/1970,0.5,1,0,0,0,0,0,82295.43039,0,0,0,127640.2125,122329
10/1/1970,0.5,1,0,0,0,0,0,0,0,0,0,51328.45634,122329
11/1/1970,0.5,1,333008.4591,5002204.293,1554766.419,0,0,340168.1615,0,0,0,38349.67056,122329
12/1/1970,0.5,1,1557215.371,20642959.21,18079403.46,16214336.81,116315.2994,3213105.619,0,0,0,19432.34034,122329
1/1/1971,0.5,1,0,13865611.96,10068062.77,7745977.745,44797.91574,1198632.944,0,0,0,75021.57622,122329
2/1/1971,0.5,1,0,0,1038156.854,0,0,0,0,0,0,85528.46516,122329
3/1/1971,0.5,1,0,1283012.307,1405420.123,403619.2657,0,0,0,0,0,161113.2152,122329
4/1/1971,0.5,1,0,0,88138.40595,0,0,723582.5717,0,0,0,31436.85441,122329
5/1/1971,0.5,1,0,0,0,0,0,1569798.608,0,0,0,17839.52556,122329
6/1/1971,0.5,1,0,0,0,0,0,533727.0138,0,0,0,53780.06376,122329
7/1/1971,0.5,1,0,0,0,0,0,502095.0396,0,0,0,114364.1013,122329
8/1/1971,0.5,1,0,0,0,0,0,429104.3022,0,0,0,251385.9929,122329
9/1/1971,0.5,1,0,0,0,0,0,171503.6769,0,0,0,163562.1679,122329
10/1/1971,0.5,1,0,0,0,0,0,0,0,0,0,23693.11988,122329
11/1/1971,0.5,1,0,0,0,0,0,0,0,0,0,93940.23379,122329
12/1/1971,0.5,1,0,0,0,0,0,0,0,0,0,109386.5551,122329
1/1/1972,0.5,1,0,0,0,0,0,0,0,0,0,81990.14089,122329
2/1/1972,0.5,1,0,0,0,0,0,0,0,0,0,69213.29473,122329
3/1/1972,0.5,1,0,0,12503.59604,0,0,125354.5233,0,0,0,124797.0382,122329
4/1/1972,0.5,1,0,0,0,0,0,206849.5643,0,0,0,79744.27205,122329
5/1/1972,0.5,1,0,0,0,0,0,380523.4514,0,0,0,51726.66004,122329
6/1/1972,0.5,1,0,0,0,0,0,273138.5335,0,0,0,172367.779,122329
7/1/1972,0.5,1,0,0,0,0,0,430936.0392,0,0,0,288856.9607,122329
8/1/1972,0.5,1,0,0,0,0,0,391274.9512,0,0,0,455345.9257,122329
9/1/1972,0.5,1,0,0,0,0,0,133030.5632,0,0,0,75506.05739,122329
10/1/1972,0.5,1,0,0,0,0,0,0,0,0,0,22657.79027,122329
11/1/1972,0.5,1,0,0,242401.1902,0,0,1092430.691,0,0,0,0,122329
12/1/1972,0.5,1,0,254651.2632,1028361.044,0,0,548804.3331,0,0,0,0,122329
1/1/1973,0.5,1,2504780.885,27829182.02,17553018,55583581.39,361648.5962,8640582.167,0,0,0,4738.623976,122329
2/1/1973,0.5,1,144472.5672,19430965.11,15978657.11,24431073.81,168720.3279,11438859.09,0,0,0,6480.765143,122329
3/1/1973,0.5,1,15928.14782,6424737.884,7220508.149,14377980.65,112890.7477,4665195.214,0,0,0,9636.52943,122329
4/1/1973,0.5,1,0,0,0,0,0,205738.576,0,0,0,75506.05739,122329
5/1/1973,0.5,1,0,0,0,0,0,467889.3422,0,0,0,106638.9496,122329
6/1/1973,0.5,1,0,0,0,0,0,337534.7078,0,0,0,456821.9341,122329
7/1/1973,0.5,1,0,0,0,0,0,425759.3912,0,0,0,821334.9422,122329
8/1/1973,0.5,1,0,0,0,0,0,277030.3109,0,0,0,602641.4727,122329
9/1/1973,0.5,1,0,0,0,0,0,82295.43039,0,0,0,442749.4155,122329
10/1/1973,0.5,1,0,0,0,0,0,0,0,0,0,11627.54791,122329
11/1/1973,0.5,1,93034.98406,15616257.43,17031491.94,25050605.57,173602.2104,1147815.515,0,0,0,98919.10733,122329
12/1/1973,0.5,1,842280.4566,22638437.57,24129551.13,21164247.67,126827.877,1345729.389,0,0,0,353684.5223,122329
1/1/1974,0.5,1,10719364.74,54157454.68,30960775.35,114603023.6,1142924.247,1912532.529,5229728.593,2614884.207,0,177240.4648,122329
2/1/1974,0.5,1,0,5024224.199,7526549.021,7672256.019,50435.34234,344009.5947,0,0,0,199272.5065,122329
3/1/1974,0.5,1,1140973.049,10202735.26,11262912.78,5519541.243,82985.65013,405052.799,1645895.334,822967.5774,0,222595.8658,122329
4/1/1974,0.5,1,6691647.184,32953806.08,20425026.31,86204463.34,606969.9469,363951.5409,2798044.633,1399022.317,0,273097.3858,122329
5/1/1974,0.5,1,0,0,0,0,0,513204.9227,0,0,0,56624.56549,122329
6/1/1974,0.5,1,0,0,0,0,0,405428.4378,0,0,0,683545.8448,122329
7/1/1974,0.5,1,0,0,0,0,0,900776.5795,0,0,0,734924.7403,122329
8/1/1974,0.5,1,0,0,0,0,0,752246.6011,0,0,0,826909.794,122329
9/1/1974,0.5,1,0,0,0,0,0,296716.1743,0,0,0,326548.2678,122329
10/1/1974,0.5,1,0,0,0,0,0,0,0,0,0,32772.16414,122329
11/1/1974,0.5,1,0,0,0,0,0,0,0,0,0,140972.0723,122329
12/1/1974,0.5,1,0,0,0,0,0,0,0,0,0,48660.49158,122329
1/1/1975,0.5,1,0,0,0,0,0,0,0,0,0,58496.12286,122329
2/1/1975,0.5,1,504397.5102,8246398.907,8307635.525,4709973.22,29890.87597,2166294.945,0,0,0,7935.630788,122329
3/1/1975,0.5,1,1263420.685,24401325.15,16257780.84,12894632.07,78605.40948,1294480.573,0,0,0,27157.49203,122329
4/1/1975,0.5,1,0,0,83241.82784,0,0,288774.6652,0,0,0,313833.6238,122329
5/1/1975,0.5,1,0,0,0,0,0,1040386.795,0,0,0,505161.208,122329
6/1/1975,0.5,1,0,0,0,0,0,418636.8544,0,0,0,840977.0032,122329
7/1/1975,0.5,1,0,0,0,0,0,645368.7292,0,0,0,655722.0253,122329
8/1/1975,0.5,1,0,0,0,0,0,383908.1828,0,0,0,835949.0179,122329
9/1/1975,0.5,1,0,0,0,0,0,82295.43039,0,0,0,674081.8704,122329
10/1/1975,0.5,1,0,0,0,0,0,0,0,0,0,133477.8787,122329
11/1/1975,0.5,1,0,0,0,0,0,0,0,0,0,81554.77152,122329
12/1/1975,0.5,1,0,0,0,0,0,0,0,0,0,12623.05715,122329
1/1/1976,0.5,1,0,0,0,0,0,0,0,0,0,0,122329
2/1/1976,0.5,1,0,0,0,0,0,63935.0361,0,0,0,5491.091649,122329
3/1/1976,0.5,1,0,0,0,0,0,79043.43355,0,0,0,0,122329
4/1/1976,0.5,1,0,0,0,0,0,205738.576,0,0,0,0,122329
5/1/1976,0.5,1,0,0,0,0,0,489471.9824,0,0,0,0,122329
6/1/1976,0.5,1,0,0,0,0,0,219975.6854,0,0,0,1088727.396,122329
7/1/1976,0.5,1,0,0,0,0,0,521089.3559,0,0,0,1107364.657,122329
8/1/1976,0.5,1,0,0,0,0,0,119461.1086,0,0,0,944180.7823,122329
9/1/1976,0.5,1,0,0,0,0,0,82295.43039,0,0,0,494184.0595,122329
10/1/1976,0.5,1,0,0,0,0,0,0,0,0,0,0,122329
11/1/1976,0.5,1,0,0,0,0,0,32959.31987,0,0,0,0,122329
12/1/1976,0.5,1,0,0,0,0,0,19989.82551,0,0,0,0,122329
1/1/1977,0.5,1,0,0,0,0,0,0,0,0,0,0,122329
2/1/1977,0.5,1,0,0,0,0,0,0,0,0,0,0,122329
3/1/1977,0.5,1,0,0,0,0,0,101900.3257,0,0,0,0,122329
4/1/1977,0.5,1,0,0,0,0,0,205738.576,0,0,0,0,122329
5/1/1977,0.5,1,0,0,0,0,0,268030.9074,0,0,0,0,122329
6/1/1977,0.5,1,0,0,0,0,0,123443.1456,0,0,0,346299.1711,122329
7/1/1977,0.5,1,0,0,0,0,0,119461.1086,0,0,0,539127.9833,122329
8/1/1977,0.5,1,0,0,0,0,0,185602.7424,0,0,0,94852.12026,122329
9/1/1977,0.5,1,0,0,0,0,0,82295.43039,0,0,0,0,122329
10/1/1977,0.5,1,0,0,0,0,0,0,0,0,0,0,122329
11/1/1977,0.5,1,0,0,0,0,0,21849.43677,0,0,0,0,122329
12/1/1977,0.5,1,0,0,0,0,0,0,0,0,0,0,122329
1/1/1978,0.5,1,4024326.187,26074577.08,12442431.95,29267971.62,112373.0829,9269186.521,2415782.359,1207871.269,0,0,122329
2/1/1978,0.5,1,522913.9821,13568914.65,8828874.207,6392591.468,9566.843783,5231564.597,0,0,0,6480.765143,122329
3/1/1978,0.5,1,2358321.566,26466887.36,13474575.93,33050906.72,255606.9521,4317045.723,637125.9127,318562.9564,0,6331.438758,122329
4/1/1978,0.5,1,0,276677.237,799911.5834,0,0,603554.6865,0,0,0,10286.9288,122329
5/1/1978,0.5,1,0,0,0,0,0,372957.5812,0,0,0,33250.00857,122329
6/1/1978,0.5,1,0,0,0,0,0,578084.2508,0,0,0,324079.4049,122329
7/1/1978,0.5,1,0,0,0,0,0,856177.7656,0,0,0,1584173.762,122329
8/1/1978,0.5,1,0,0,0,0,0,457376.7646,0,0,0,1535433.629,122329
9/1/1978,0.5,1,0,0,0,0,0,82295.43039,0,0,0,214420.7439,122329
10/1/1978,0.5,1,0,0,0,0,0,0,0,0,0,504802.8247,122329
11/1/1978,0.5,1,0,0,0,0,0,0,0,0,0,460401.7853,122329
12/1/1978,0.5,1,0,0,0,0,0,0,0,0,0,649072.0236,122329
1/1/1979,0.5,1,0,443081.2519,692675.3282,0,0,615304.3502,0,0,0,272092.5851,122329
2/1/1979,0.5,1,0,1439787.946,3093000.273,396781.5394,17237.95354,2384128.01,0,0,0,134861.6366,122329
3/1/1979,0.5,1,0,0,171227.589,0,0,343689.6095,0,0,0,238603.6543,122329
4/1/1979,0.5,1,0,0,0,0,0,205738.576,0,0,0,614170.797,122329
5/1/1979,0.5,1,0,0,0,0,0,633502.2591,0,0,0,482662.6993,122329
6/1/1979,0.5,1,0,0,0,0,0,464146.2274,0,0,0,825382.0191,122329
7/1/1979,0.5,1,0,0,0,0,0,924151.1364,0,0,0,994553.5498,122329
8/1/1979,0.5,1,0,0,0,0,0,390677.6456,0,0,0,606822.6115,122329
9/1/1979,0.5,1,0,0,0,0,0,82295.43039,0,0,0,71679.31987,122329
10/1/1979,0.5,1,0,0,0,0,0,0,0,0,0,6968.56467,122329
11/1/1979,0.5,1,0,0,0,0,0,0,0,0,0,0,122329
12/1/1979,0.5,1,72990.73738,3171612.794,1641196.531,0,0,1668871.688,0,0,0,0,122329
1/1/1980,0.5,1,2682100.991,25917684.82,12859152.12,72074868.88,14720117.27,5567684.07,1088410.161,544224.9906,0,2747.605499,122329
2/1/1980,0.5,1,8900591.33,40040742.34,14351755.51,94838389.09,7374748.917,6278446.085,5363391.843,2681695.921,0,507095.9288,122329
3/1/1980,0.5,1,328159.6654,14041100.33,10466784.13,23573658.77,161591.0596,3396956.265,0,0,0,411503.6989,122329
4/1/1980,0.5,1,0,0,0,0,0,205738.576,0,0,0,165742.9968,122329
5/1/1980,0.5,1,0,0,0,0,0,239439.8821,0,0,0,99033.25906,122329
6/1/1980,0.5,1,0,0,0,0,0,449168.4591,0,0,0,1185630.266,122329
7/1/1980,0.5,1,0,0,0,0,0,798916.0742,0,0,0,1298582.071,122329
8/1/1980,0.5,1,0,0,0,0,0,436829.4539,0,0,0,1278910.809,122329
9/1/1980,0.5,1,0,0,0,0,0,82295.43039,0,0,0,147473.4113,122329
10/1/1980,0.5,1,0,0,0,0,0,0,0,0,0,323580.3229,122329
11/1/1980,0.5,1,0,0,0,0,0,0,0,0,0,208372.0298,122329
12/1/1980,0.5,1,0,0,18715.57369,0,0,73468.58181,0,0,0,240355.7506,122329
1/1/1981,0.5,1,30422.76233,4134907.353,3004645.984,0,0,1873110.363,0,0,0,128341.051,122329
2/1/1981,0.5,1,0,201917.7167,511363.2306,0,0,829361.591,0,0,0,60266.70715,122329
3/1/1981,0.5,1,0,188151.2461,1251076.37,0,0,561268.1087,0,0,0,21781.74214,122329
4/1/1981,0.5,1,0,0,0,0,0,205738.576,0,0,0,18763.35813,122329
5/1/1981,0.5,1,0,0,0,0,0,680888.4989,0,0,0,3623.653629,122329
6/1/1981,0.5,1,0,0,0,0,0,450732.0723,0,0,0,1044863.932,122329
7/1/1981,0.5,1,0,0,0,0,0,975917.6168,0,0,0,850403.812,122329
8/1/1981,0.5,1,0,0,0,0,0,292799.1773,0,0,0,925624.4901,122329
9/1/1981,0.5,1,0,0,0,0,0,82295.43039,0,0,0,167388.9054,122329
10/1/1981,0.5,1,0,0,0,0,0,0,0,0,0,11189.52384,122329
11/1/1981,0.5,1,40736.23804,3427686.971,4842468.863,7525917.109,84723.14559,1641505.802,0,0,0,5719.532412,122329
12/1/1981,0.5,1,2005911.295,22330745.58,13494326.83,60096901.72,1415215.934,2300621.85,106200.9256,53080.5526,0,1194.611086,122329
1/1/1982,0.5,1,25365.5754,7665540.599,10750384.81,41309651.37,369732.1312,4168356.464,0,0,0,39262.88437,122329
2/1/1982,0.5,1,2237318.84,25227590.71,14163998.79,58904423.87,9896657.416,798456.7178,0,0,0,7450.675573,122329
3/1/1982,0.5,1,0,1864708.265,9218375.729,7143774.296,69287.44301,932831.977,0,0,0,17122.7589,122329
4/1/1982,0.5,1,294041.5728,19174547.25,16108507.55,79283417.64,4999735.43,1298539.596,0,0,0,178416.4931,122329
5/1/1982,0.5,1,0,0,13738.02749,0,0,1087454.472,0,0,0,540800.4388,122329
6/1/1982,0.5,1,0,0,0,0,0,344241.7853,0,0,0,1602456.621,122329
7/1/1982,0.5,1,0,0,0,0,0,119461.1086,0,0,0,1342265.017,122329
8/1/1982,0.5,1,0,0,0,0,0,378970.457,0,0,0,1483627.329,122329
9/1/1982,0.5,1,0,0,0,0,0,139984.5271,0,0,0,668362.3379,122329
10/1/1982,0.5,1,0,0,0,0,0,0,0,0,0,1110908.67,122329
11/1/1982,0.5,1,0,147720.2976,770779.0011,0,0,763619.2986,0,0,0,762384.8672,122329
12/1/1982,0.5,1,1021233.197,13586590.63,9850086.072,21538837.89,432887.2373,3715797.964,132721.2917,66380.55603,0,141282.6711,122329
1/1/1983,0.5,1,4312665.483,21885275.1,8980966.686,35300757.6,478680.6623,4973962.36,1221171.273,610565.7262,0,245890.7819,122329
2/1/1983,0.5,1,7852835.707,82486826.05,33849962.17,119775120.7,3511075.755,6655833.976,235115.1055,117579.5962,0,3659.20753,122329
3/1/1983,0.5,1,25666179.37,107487362.4,39216414,239921708.5,43656026.82,11906131.21,6928744.301,3464372.15,0,62079.95612,122329
4/1/1983,0.5,1,1257433.029,16152000.68,11087128.42,19397032.94,4889582.997,3005429.118,0,0,0,2993948.905,122329
5/1/1983,0.5,1,0,1167851.798,8335120.112,2221976.621,193686.2775,1785744.472,0,0,0,1711320.202,122329
6/1/1983,0.5,1,0,0,52381.04145,0,0,2410556.599,0,0,0,3568453.305,122329
7/1/1983,0.5,1,0,0,0,0,0,502254.3211,0,0,0,2065044.544,122329
8/1/1983,0.5,1,0,0,0,0,0,393146.5085,0,0,0,310957.2658,122329
9/1/1983,0.5,1,0,0,0,0,0,82295.43039,0,0,0,4567.396387,122329
10/1/1983,0.5,1,0,0,0,0,0,0,0,0,0,70840.43742,122329
11/1/1983,0.5,1,205.738576,2942843.443,8391212.412,7785147.715,292848.2891,2917702.189,0,0,0,0,122329
12/1/1983,0.5,1,6631843.626,45085617.91,26577627.81,110843980.7,11879929.41,8048453.272,1778656.446,889308.3131,0,0,122329
1/1/1984,0.5,1,39.82036955,2939022.015,8798907.957,21272041.41,3902834.239,4852191.67,0,0,0,23055.99397,122329
2/1/1984,0.5,1,0,0,0,0,0,562602.7777,0,0,0,47291.49474,122329
3/1/1984,0.5,1,0,0,0,0,0,165015.6114,0,0,0,56943.12845,122329
4/1/1984,0.5,1,0,0,0,0,0,205738.576,0,0,0,23906.82253,122329
5/1/1984,0.5,1,0,0,0,0,0,493653.1213,0,0,0,6012.875801,122329
6/1/1984,0.5,1,0,0,0,0,0,282561.3603,0,0,0,23248.45909,122329
7/1/1984,0.5,1,0,0,0,0,0,449372.8703,0,0,0,19591.62182,122329
8/1/1984,0.5,1,0,0,0,0,0,443081.2519,0,0,0,271694.3814,122329
9/1/1984,0.5,1,0,0,0,0,0,82295.43039,0,0,0,27198.63974,122329
10/1/1984,0.5,1,0,0,0,0,0,0,0,0,0,79999.12242,122329
11/1/1984,0.5,1,0,551214.7928,1853251.945,0,0,2719575.94,0,0,0,107477.8321,122329
12/1/1984,0.5,1,0,0,529491.4538,0,0,1555821.658,0,0,0,74185.34846,122329
1/1/1985,0.5,1,0,0,0,0,0,0,0,0,0,16883.83669,122329
2/1/1985,0.5,1,0,0,0,0,0,0,0,0,0,122252.801,122329
3/1/1985,0.5,1,0,0,0,0,0,0,0,0,0,0,122329
4/1/1985,0.5,1,0,0,0,0,0,205738.576,0,0,0,246.8862912,122329
5/1/1985,0.5,1,0,0,0,0,0,482463.5974,0,0,0,318.5629564,122329
6/1/1985,0.5,1,0,0,0,0,0,247256.6206,0,0,0,1094652.667,122329
7/1/1985,0.5,1,0,0,0,0,0,556131.2811,0,0,0,1009326.907,122329
8/1/1985,0.5,1,0,0,0,0,0,422454.3005,0,0,0,759573.5491,122329
9/1/1985,0.5,1,0,0,0,0,0,82953.79384,0,0,0,96326.80128,122329
10/1/1985,0.5,1,0,0,0,0,0,0,0,0,0,4340.42028,122329
11/1/1985,0.5,1,0,0,0,0,0,0,0,0,0,2510.010627,122329
12/1/1985,0.5,1,0,0,69884.74855,0,0,291405.4643,0,0,0,0,122329
1/1/1986,0.5,1,0,239320.421,592208.5359,0,0,789996.3114,0,0,0,13021.26084,122329
2/1/1986,0.5,1,17841414.18,60418630.39,27847627.39,196874182.5,58567159.56,9238793.624,6083983.604,3041991.802,0,106161.1052,122329
3/1/1986,0.5,1,5832529.348,48186708.83,23060613.13,113619460.4,6919346.694,4058850.447,0,0,0,123841.3493,122329
4/1/1986,0.5,1,0,0,0,0,0,205738.576,0,0,0,56742.69926,122329
5/1/1986,0.5,1,0,0,0,0,0,199101.8477,0,0,0,79561.09835,122329
6/1/1986,0.5,1,0,0,0,0,0,123443.1456,0,0,0,1398734.283,122329
7/1/1986,0.5,1,0,0,0,0,0,119461.1086,0,0,0,1271305.118,122329
8/1/1986,0.5,1,0,0,0,0,0,119461.1086,0,0,0,1285361.709,122329
9/1/1986,0.5,1,0,0,0,0,0,82295.43039,0,0,0,383743.5919,122329
10/1/1986,0.5,1,0,0,0,0,0,0,0,0,0,0,122329
11/1/1986,0.5,1,0,0,0,0,0,0,0,0,0,0,122329
12/1/1986,0.5,1,0,0,0,0,0,0,0,0,0,25604.49762,122329
1/1/1987,0.5,1,0,0,0,0,0,0,0,0,0,14375.15341,122329
2/1/1987,0.5,1,0,0,267563.0181,0,0,0,0,0,0,17502.47457,122329
3/1/1987,0.5,1,0,1335814.117,1986558.596,0,0,0,0,0,0,0,122329
4/1/1987,0.5,1,0,0,0,0,0,205738.576,0,0,0,0,122329
5/1/1987,0.5,1,0,0,0,0,0,199101.8477,0,0,0,1831.736999,122329
6/1/1987,0.5,1,0,0,0,0,0,123443.1456,0,0,0,1466710.308,122329
7/1/1987,0.5,1,0,0,0,0,0,119461.1086,0,0,0,1840616.941,122329
8/1/1987,0.5,1,0,0,0,0,0,119461.1086,0,0,0,1541207.583,122329
9/1/1987,0.5,1,0,0,0,0,0,82295.43039,0,0,0,144140.4463,122329
10/1/1987,0.5,1,0,0,0,0,0,0,0,0,0,25166.47355,122329
11/1/1987,0.5,1,0,0,0,0,0,0,0,0,0,17199.74495,122329
12/1/1987,0.5,1,0,0,41851.20839,0,0,0,0,0,0,0,122329
1/1/1988,0.5,1,0,1739751.945,1593770.471,0,0,2408136.848,0,0,0,81432.65572,122329
2/1/1988,0.5,1,0,0,0,0,0,0,0,0,0,18303.63883,122329
3/1/1988,0.5,1,0,0,0,0,0,0,0,0,0,0,122329
4/1/1988,0.5,1,0,0,0,0,0,205738.576,0,0,0,1069.840595,122329
5/1/1988,0.5,1,0,0,0,0,0,199101.8477,0,0,0,0,122329
6/1/1988,0.5,1,0,0,0,0,0,252317.7896,0,0,0,461060.1488,122329
7/1/1988,0.5,1,0,0,0,0,0,712067.8482,0,0,0,898666.0999,122329
8/1/1988,0.5,1,0,0,0,0,0,132721.2917,0,0,0,883972.3835,122329
9/1/1988,0.5,1,0,0,0,0,0,82295.43039,0,0,0,0,122329
10/1/1988,0.5,1,0,0,0,0,0,0,0,0,0,0,122329
11/1/1988,0.5,1,0,0,0,0,0,0,0,0,0,0,122329
12/1/1988,0.5,1,0,0,0,0,0,0,0,0,0,0,122329
1/1/1989,0.5,1,0,0,0,0,0,0,0,0,0,0,122329
2/1/1989,0.5,1,0,0,0,0,0,0,0,0,0,0,122329
3/1/1989,0.5,1,0,2604053.066,3457602.688,477844.4345,0,606105.8448,0,0,0,0,122329
4/1/1989,0.5,1,0,0,0,0,0,205738.576,0,0,0,0,122329
5/1/1989,0.5,1,0,0,0,0,0,526863.3095,0,0,0,0,122329
6/1/1989,0.5,1,0,0,0,0,0,1097080.383,0,0,0,0,122329
7/1/1989,0.5,1,0,0,0,0,0,439696.5205,0,0,0,0,122329
8/1/1989,0.5,1,0,0,0,0,0,2038404.717,0,0,0,0,122329
9/1/1989,0.5,1,0,0,0,0,0,1531229.926,0,0,0,0,122329
10/1/1989,0.5,1,0,0,0,0,0,0,0,0,0,0,122329
11/1/1989,0.5,1,0,0,0,0,0,0,0,0,0,0,122329
12/1/1989,0.5,1,0,0,0,0,0,190421.0072,0,0,0,0,122329
1/1/1990,0.5,1,0,0,0,0,0,111775.7773,0,0,0,0,122329
2/1/1990,0.5,1,0,0,0,0,0,0,0,0,0,0,122329
3/1/1990,0.5,1,0,0,0,0,0,0,0,0,0,0,122329
4/1/1990,0.5,1,0,0,0,0,0,205738.576,0,0,0,0,122329
5/1/1990,0.5,1,0,0,0,0,0,252540.7837,0,0,0,0,122329
6/1/1990,0.5,1,0,0,0,0,0,123443.1456,0,0,0,0,122329
7/1/1990,0.5,1,0,0,0,0,0,239121.3191,0,0,0,0,122329
8/1/1990,0.5,1,0,0,0,0,0,119461.1086,0,0,0,0,122329
9/1/1990,0.5,1,0,0,0,0,0,82295.43039,0,0,0,0,122329
10/1/1990,0.5,1,0,0,0,0,0,0,0,0,0,0,122329
11/1/1990,0.5,1,0,0,0,0,0,0,0,0,0,0,122329
12/1/1990,0.5,1,0,0,0,0,0,77689.54098,0,0,0,0,122329
1/1/1991,0.5,1,0,0,0,0,0,0,0,0,0,0,122329
2/1/1991,0.5,1,0,0,0,0,0,0,0,0,0,0,122329
3/1/1991,0.5,1,0,0,400115.0732,0,0,1271145.837,0,0,0,0,122329
4/1/1991,0.5,1,0,0,0,0,0,205738.576,0,0,0,0,122329
5/1/1991,0.5,1,0,0,0,0,0,355994.1037,0,0,0,0,122329
6/1/1991,0.5,1,0,0,0,0,0,216025.5048,0,0,0,14278.25717,122329
7/1/1991,0.5,1,0,0,0,0,0,119461.1086,0,0,0,636050.7627,122329
8/1/1991,0.5,1,0,0,0,0,0,119461.1086,0,0,0,203044.0643,122329
9/1/1991,0.5,1,0,0,0,0,0,82295.43039,0,0,0,0,122329
10/1/1991,0.5,1,0,0,0,0,0,0,0,0,0,0,122329
11/1/1991,0.5,1,0,0,0,0,0,121385.7598,0,0,0,0,122329
12/1/1991,0.5,1,0,0,0,0,0,108988.3514,0,0,0,0,122329
1/1/1992,0.5,1,0,0,0,0,0,427869.8708,0,0,0,0,122329
2/1/1992,0.5,1,0,1065654.879,3082843.578,0,0,2186092.975,0,0,0,0,122329
3/1/1992,0.5,1,0,222197.6621,823803.8051,0,0,641824.7163,0,0,0,0,122329
4/1/1992,0.5,1,0,0,0,0,0,205738.576,0,0,0,0,122329
5/1/1992,0.5,1,0,0,0,0,0,199101.8477,0,0,0,0,122329
6/1/1992,0.5,1,0,0,0,0,0,214379.5962,0,0,0,0,122329
7/1/1992,0.5,1,0,0,0,0,0,119461.1086,0,0,0,0,122329
8/1/1992,0.5,1,0,0,0,0,0,119461.1086,0,0,0,0,122329
9/1/1992,0.5,1,0,0,0,0,0,82295.43039,0,0,0,0,122329
10/1/1992,0.5,1,0,0,0,0,0,0,0,0,0,0,122329
11/1/1992,0.5,1,0,0,0,0,0,0,0,0,0,0,122329
12/1/1992,0.5,1,0,0,183890.4666,0,0,238205.4506,0,0,0,0,122329
1/1/1993,0.5,1,807119.0703,11598279.94,9176922.725,11392607.73,76893.13359,5985439.567,0,0,0,107714.0996,122329
2/1/1993,0.5,1,48627.78199,6418911.31,8511625.323,6723242.751,49200.91089,6048625.96,0,0,0,55681.67603,122329
3/1/1993,0.5,1,485211.2029,21792852.02,13103211.16,35284829.45,194164.1219,1371333.886,0,0,0,0,122329
4/1/1993,0.5,1,0,1931350.308,3757403.613,5604318.81,29626.35494,205738.576,0,0,0,6871.668438,122329
5/1/1993,0.5,1,0,0,0,0,0,199101.8477,0,0,0,135628.1787,122329
6/1/1993,0.5,1,0,0,822.9543039,0,0,428388.8629,0,0,0,1382439.787,122329
7/1/1993,0.5,1,0,0,0,0,0,119461.1086,0,0,0,1788890.281,122329
8/1/1993,0.5,1,0,0,0,0,0,171785.0742,0,0,0,1535712.372,122329
9/1/1993,0.5,1,0,0,0,0,0,82295.43039,0,0,0,237010.8395,122329
10/1/1993,0.5,1,0,0,0,0,0,171307.2298,0,0,0,0,122329
11/1/1993,0.5,1,0,0,0,0,0,869368.9267,0,0,0,0,122329
12/1/1993,0.5,1,0,0,0,0,0,1014662.836,0,0,0,0,122329
1/1/1994,0.5,1,0,0,0,0,0,52045.223,0,0,0,0,122329
2/1/1994,0.5,1,0,0,0,0,0,858238.4697,0,0,0,0,122329
3/1/1994,0.5,1,0,0,0,0,0,0,0,0,0,0,122329
4/1/1994,0.5,1,0,0,0,0,0,205738.576,0,0,0,0,122329
5/1/1994,0.5,1,0,0,0,0,0,199101.8477,0,0,0,0,122329
6/1/1994,0.5,1,0,0,0,0,0,123443.1456,0,0,0,1605707.29,122329
7/1/1994,0.5,1,0,0,0,0,0,119461.1086,0,0,0,1747516.917,122329
8/1/1994,0.5,1,0,0,0,0,0,119461.1086,0,0,0,1325500.641,122329
9/1/1994,0.5,1,0,0,0,0,0,82295.43039,0,0,0,33247.35388,122329
10/1/1994,0.5,1,0,0,0,0,0,0,0,0,0,0,122329
11/1/1994,0.5,1,0,0,0,0,0,0,0,0,0,0,122329
12/1/1994,0.5,1,0,0,0,0,0,65942.53197,0,0,0,0,122329
1/1/1995,0.5,1,9057541.257,55655855.36,27855582.93,91929623.69,582492.3657,18264329.26,1645895.334,822967.5774,0,28113.1809,122329
2/1/1995,0.5,1,2739820.616,27922134.14,15636190.56,48965002.22,172599.9696,4285637.407,58767.75467,29405.92075,0,0,122329
3/1/1995,0.5,1,14826676.58,73567814.17,25275501.72,188697382.5,17442835.03,9250232.025,2495423.098,1247691.639,0,4977.546193,122329
4/1/1995,0.5,1,0,8290235.919,10198008.59,8991639.872,79085.90861,1633481.998,0,0,0,176359.1073,122329
5/1/1995,0.5,1,0,10001562.76,9624185.115,30841991.18,0,1006778.403,0,0,0,1234988.941,122329
6/1/1995,0.5,1,0,0,0,0,0,707452.6674,0,0,0,801228.3103,122329
7/1/1995,0.5,1,0,0,0,0,0,247085.393,0,0,0,1994801.412,122329
8/1/1995,0.5,1,0,0,0,0,0,179988.0703,0,0,0,1187443.42,122329
9/1/1995,0.5,1,0,0,0,0,0,133976.9607,0,0,0,90524.97343,122329
10/1/1995,0.5,1,0,0,0,0,0,0,0,0,0,16206.8904,122329
11/1/1995,0.5,1,0,0,0,0,0,0,0,0,0,0,122329
12/1/1995,0.5,1,0,653492.0846,720310.6647,0,0,1136353.886,0,0,0,3225.449933,122329
1/1/1996,0.5,1,0,3284981.386,5091352.809,223432.0935,0,2227830.215,0,0,0,398.2036955,122329
2/1/1996,0.5,1,2016252.234,40823542.15,28094978.87,85525753.06,675531.9726,5840606.017,0,0,0,81898.14211,122329
3/1/1996,0.5,1,174930.8834,20576060.99,16323803.01,24218270.91,60248.21912,2244674.231,0,0,0,342017.154,122329
4/1/1996,0.5,1,0,0,0,0,0,1228917.662,0,0,0,100400.4251,122329
5/1/1996,0.5,1,0,0,111019.1903,0,82268.88348,1531969.257,0,0,0,3187461.301,122329
6/1/1996,0.5,1,0,0,0,15759.57492,0,755965.8236,0,0,0,772424.9097,122329
7/1/1996,0.5,1,0,0,0,0,0,119461.1086,0,0,0,559197.4495,122329
8/1/1996,0.5,1,0,0,0,0,0,376501.594,0,0,0,521208.817,122329
9/1/1996,0.5,1,0,0,0,0,0,82295.43039,0,0,0,234253.9426,122329
10/1/1996,0.5,1,0,0,0,0,0,0,0,0,0,9875.451647,122329
11/1/1996,0.5,1,0,0,0,0,0,587424.7821,0,0,0,3662.146652,122329
12/1/1996,0.5,1,269504.2611,12938354.83,10748513.25,21965274.22,437785.1428,1370139.275,132721.2917,66380.55603,0,0,122329
1/1/1997,0.5,1,11228507.98,77521379.56,38361829.05,277795777.9,48234652.55,7848037.352,2813986.055,1406973.117,0,1086817.346,122329
2/1/1997,0.5,1,16003.52209,8786991.711,10487376.95,41468961.29,243888.3862,2915286.23,0,0,0,2536271.687,122329
3/1/1997,0.5,1,0,0,0,0,0,480313.2975,0,0,0,8362.277604,122329
4/1/1997,0.5,1,0,0,0,0,0,205738.576,0,0,0,13414.15515,122329
5/1/1997,0.5,1,0,0,0,0,0,199101.8477,0,0,0,40656.59731,122329
6/1/1997,0.5,1,0,0,0,0,0,123443.1456,0,0,0,244458.576,122329
7/1/1997,0.5,1,0,0,0,0,0,119461.1086,0,0,0,522244.1466,122329
8/1/1997,0.5,1,0,0,0,0,0,481826.4715,0,0,0,925266.1067,122329
9/1/1997,0.5,1,0,0,0,0,0,82295.43039,0,0,0,696425.0797,122329
10/1/1997,0.5,1,0,0,0,0,0,0,0,0,0,82308.70385,122329
11/1/1997,0.5,1,0,0,0,0,0,226970.797,0,0,0,0,122329
12/1/1997,0.5,1,0,0,8441.918344,0,0,1465270.138,0,0,0,0,122329
1/1/1998,0.5,1,1788810.641,38294851.19,21233973.14,60658368.93,196354.2422,3629865.606,0,0,0,0,122329
2/1/1998,0.5,1,23484838.01,110784051,40277161.8,278763631.9,11419593.14,26107167.21,3291831.911,1645893.912,0,1807.560346,122329
3/1/1998,0.5,1,1089087.107,34781141.6,21476359.73,55556423.9,198823.1051,3344353.557,0,0,0,557.4851736,122329
4/1/1998,0.5,1,0,5945680.255,8735536.493,13329020.53,77357.70457,2466558.64,0,0,0,5513.793836,122329
5/1/1998,0.5,1,233865.0303,7993023.318,3425945.494,233148.2637,0,1752375.003,0,0,0,0,122329
6/1/1998,0.5,1,0,4597393.071,8155765.186,7774120.128,31107.67269,2561733.305,0,0,0,19792.05101,122329
7/1/1998,0.5,1,0,0,0,0,0,560551.3421,0,0,0,134353.9268,122329
8/1/1998,0.5,1,0,0,0,0,0,888113.702,0,0,0,141163.21,122329
9/1/1998,0.5,1,0,0,0,0,0,1068071.243,0,0,0,73983.59192,122329
10/1/1998,0.5,1,0,0,0,0,0,100188.0498,0,0,0,0,122329
11/1/1998,0.5,1,0,0,214503.0393,0,0,544466.5675,0,0,0,77069.67056,122329
12/1/1998,0.5,1,0,2088697.844,5941597.34,265442.5834,0,910572.3904,0,0,0,359100.0926,122329
1/1/1999,0.5,1,0,0,472150.1217,0,0,0,0,0,0,0,122329
2/1/1999,0.5,1,4540.944284,16259534.36,23086777.96,53303632,0,1381946.015,0,0,0,0,122329
3/1/1999,0.5,1,0,8800142.388,16629623.45,20604492.74,0,570426.7937,0,0,0,0,122329
4/1/1999,0.5,1,0,0,0,0,0,493443.4006,0,0,0,0,122329
5/1/1999,0.5,1,0,0,0,0,0,232431.497,0,0,0,0,122329
6/1/1999,0.5,1,0,0,0,0,0,123443.1456,0,0,0,0,122329
7/1/1999,0.5,1,0,0,0,0,0,119461.1086,0,0,0,0,122329
8/1/1999,0.5,1,0,0,0,0,0,119461.1086,0,0,0,0,122329
9/1/1999,0.5,1,0,0,0,0,0,82295.43039,0,0,0,0,122329
10/1/1999,0.5,1,0,0,0,0,0,0,0,0,0,318.5629564,122329
11/1/1999,0.5,1,0,0,0,0,0,0,0,0,0,0,122329
12/1/1999,0.5,1,0,0,0,0,0,0,0,0,0,0,122329
1/1/2000,0.5,1,0,31736.83453,384425.8476,0,0,906749.6349,0,0,0,0,122329
2/1/2000,0.5,1,1026663.872,46712886.92,20001024.65,79451073.3,0,3341222.852,0,0,0,0,122329
3/1/2000,0.5,1,961184.0801,35576195.1,17399391.01,76757545.23,0,2251164.951,0,0,0,0,122329
4/1/2000,0.5,1,0,0,0,0,0,578495.7279,0,0,0,0,122329
5/1/2000,0.5,1,0,0,0,0,0,199101.8477,0,0,0,0,122329
6/1/2000,0.5,1,0,0,0,0,0,268735.7279,0,0,0,486571.7322,122329
7/1/2000,0.5,1,0,0,0,0,0,417596.2154,0,0,0,629639.6832,122329
8/1/2000,0.5,1,0,0,0,0,0,310280.3195,0,0,0,511890.8505,122329
9/1/2000,0.5,1,0,0,0,0,0,82295.43039,0,0,0,0,122329
10/1/2000,0.5,1,0,0,0,0,0,508107.9154,0,0,0,0,122329
11/1/2000,0.5,1,0,0,0,0,0,0,0,0,0,0,122329
12/1/2000,0.5,1,0,0,0,0,0,0,0,0,0,0,122329
1/1/2001,0.5,1,0,0,0,0,0,499546.5359,0,0,0,0,122329
2/1/2001,0.5,1,0,171409.625,664256.3838,0,0,1673492.273,0,0,0,0,122329
3/1/2001,0.5,1,0,2382094.327,2435493.442,0,0,2280870.947,0,0,0,0,122329
4/1/2001,0.5,1,0,0,0,0,0,205738.576,0,0,0,0,122329
5/1/2001,0.5,1,0,0,0,0,0,199101.8477,0,0,0,0,122329
6/1/2001,0.5,1,0,0,0,0,0,451884.2083,0,0,0,707987.5877,122329
7/1/2001,0.5,1,0,0,0,0,0,156294.9505,0,0,0,944738.2675,122329
8/1/2001,0.5,1,0,0,0,0,0,119461.1086,0,0,0,1109315.855,122329
9/1/2001,0.5,1,0,0,0,0,0,82295.43039,0,0,0,0,122329
10/1/2001,0.5,1,0,0,0,0,0,50253.30637,0,0,0,0,122329
11/1/2001,0.5,1,0,0,0,0,0,196068.8629,0,0,0,0,122329
12/1/2001,0.5,1,0,34285.33818,987266.4221,0,0,3372506.558,0,0,0,0,122329
1/1/2002,0.5,1,200774.3032,11693132.06,9233149.086,7984661.04,0,7171967.118,0,0,0,0,122329
2/1/2002,0.5,1,0,0,11727.09883,0,0,497696.3109,0,0,0,0,122329
3/1/2002,0.5,1,0,0,0,0,0,188748.5516,0,0,0,0,122329
4/1/2002,0.5,1,0,0,0,0,0,205738.576,0,0,0,0,122329
5/1/2002,0.5,1,0,0,0,0,0,199101.8477,0,0,0,0,122329
6/1/2002,0.5,1,0,0,0,0,0,123443.1456,0,0,0,282314.474,122329
7/1/2002,0.5,1,0,0,0,0,0,119461.1086,0,0,0,646364.2385,122329
8/1/2002,0.5,1,0,0,0,0,0,119461.1086,0,0,0,418153.7006,122329
9/1/2002,0.5,1,0,0,0,0,0,82295.43039,0,0,0,0,122329
10/1/2002,0.5,1,0,0,0,0,0,0,0,0,0,0,122329
11/1/2002,0.5,1,0,0,0,0,0,0,0,0,0,0,122329
12/1/2002,0.5,1,0,9046511.014,8047378.122,286945.5829,0,4172617.243,0,0,0,0,122329
1/1/2003,0.5,1,188390.1683,14957844.87,16362428.77,9186997.278,0,4198659.765,0,0,0,0,122329
2/1/2003,0.5,1,0,14504.56961,431566.0543,0,0,2340702.475,0,0,0,0,122329
3/1/2003,0.5,1,0,392071.3585,620879.2019,0,0,744879.8327,0,0,0,0,122329
4/1/2003,0.5,1,0,226888.5016,529776.8332,0,0,780407.5664,0,0,0,0,122329
5/1/2003,0.5,1,0,5749862.26,8847289.706,9795.810908,0,1197279.051,0,0,0,0,122329
6/1/2003,0.5,1,0,0,0,0,0,304081.6153,0,0,0,885210.797,122329
7/1/2003,0.5,1,0,0,0,0,0,439696.5205,0,0,0,1227582.352,122329
8/1/2003,0.5,1,0,0,0,0,0,119461.1086,0,0,0,971656.8373,122329
9/1/2003,0.5,1,0,0,0,0,0,82295.43039,0,0,0,18804.50584,122329
10/1/2003,0.5,1,0,0,0,0,0,0,0,0,0,0,122329
11/1/2003,0.5,1,0,0,0,0,0,0,0,0,0,0,122329
12/1/2003,0.5,1,0,3769197.079,3053505.577,0,0,3370754.462,0,0,0,0,122329
1/1/2004,0.5,1,0,1029993.679,2921262.13,292241.6921,0,5583333.475,0,0,0,0,122329
2/1/2004,0.5,1,4352032.185,35461203.83,16131770.7,57073585.67,0,6197639.472,617215.7279,308607.864,0,0,122329
3/1/2004,0.5,1,825595.7218,16605213.56,11775122.2,31093934.66,0,3479026.046,0,0,0,0,122329
4/1/2004,0.5,1,0,0,0,0,0,1002564.081,0,0,0,0,122329
5/1/2004,0.5,1,0,0,0,0,0,199101.8477,0,0,0,0,122329
6/1/2004,0.5,1,0,0,0,0,0,667580.5313,0,0,0,0,122329
7/1/2004,0.5,1,0,0,0,0,0,757861.2732,0,0,0,0,122329
8/1/2004,0.5,1,0,0,0,0,0,119461.1086,0,0,0,0,122329
9/1/2004,0.5,1,0,0,0,0,0,82295.43039,0,0,0,0,122329
10/1/2004,0.5,1,0,0,0,0,0,0,0,0,0,0,122329
11/1/2004,0.5,1,0,0,0,0,0,175700.7439,0,0,0,0,122329
12/1/2004,0.5,1,0,3691626.999,2991863.645,0,0,2435493.442,0,0,0,0,122329
1/1/2005,0.5,1,0,1672.455521,553980.9811,0,0,6995801.803,0,0,0,0,122329
2/1/2005,0.5,1,0,0,0,0,0,2772577.137,0,0,0,0,122329
3/1/2005,0.5,1,0,973050.5502,1377068.02,0,0,2054133.763,0,0,0,0,122329
4/1/2005,0.5,1,0,0,0,0,0,1032972.242,0,0,0,0,122329
5/1/2005,0.5,1,0,4407557.423,4023211.217,7172405.142,0,474419.8828,0,0,0,0,122329
6/1/2005,0.5,1,0,0,0,0,0,575697.6833,0,0,0,0,122329
7/1/2005,0.5,1,0,0,0,0,0,371285.1256,0,0,0,0,122329
8/1/2005,0.5,1,0,0,0,0,0,257836.8928,0,0,0,0,122329
9/1/2005,0.5,1,0,0,0,0,0,82295.43039,0,0,0,0,122329
10/1/2005,0.5,1,0,0,0,0,0,271097.0759,0,0,0,0,122329
11/1/2005,0.5,1,0,0,0,0,0,0,0,0,0,0,122329
12/1/2005,0.5,1,841165.4863,10120904.41,6779855.939,33691815.57,1255814.994,2875070.502,106200.9256,53080.5526,0,0,122329
1/1/2006,0.5,1,4709714.388,42904576.63,23245061.08,152823888.5,12555681.08,6241564.184,929128.6826,464584.2515,0,0,122329
2/1/2006,0.5,1,0,4162899.651,10743830.09,8205750.843,0,1264190.071,0,0,0,0,122329
3/1/2006,0.5,1,911846.6422,24982981.29,35320986.35,83519004.16,0,3931544.726,0,0,0,0,122329
4/1/2006,0.5,1,2872521.998,44091217,35004813.94,138189087.7,0,5372574.878,246886.2912,123443.1456,0,740658.8735,122329
5/1/2006,0.5,1,0,1672.455521,970541.8669,4852151.849,0,1294201.831,0,0,0,2363139.831,122329
6/1/2006,0.5,1,0,0,0,0,0,1049472.476,0,0,0,1620479.32,122329
7/1/2006,0.5,1,0,0,0,0,0,453434.548,0,0,0,1971944.52,122329
8/1/2006,0.5,1,0,0,0,0,0,442364.4853,0,0,0,10931607.31,122329
9/1/2006,0.5,1,0,0,0,0,0,82295.43039,0,0,0,784810.3719,122329
10/1/2006,0.5,1,0,0,0,1118952.384,0,0,0,0,0,5097.007302,122329
11/1/2006,0.5,1,0,0,0,0,0,0,0,0,0,0,122329
12/1/2006,0.5,1,0,0,0,0,0,1153994.309,0,0,0,0,122329
1/1/2007,0.5,1,0,0,0,0,0,1014861.938,0,0,0,0,122329
2/1/2007,0.5,1,0,614746.865,1179543.343,0,0,1140879.186,0,0,0,0,122329
3/1/2007,0.5,1,0,0,0,0,0,747428.3364,0,0,0,96365.2943,122329
4/1/2007,0.5,1,0,0,0,0,0,925700.1488,0,0,0,0,122329
5/1/2007,0.5,1,0,0,0,0,0,552905.8311,0,0,0,0,122329
6/1/2007,0.5,1,0,0,0,0,0,375267.1626,0,0,0,1523411.86,122329
7/1/2007,0.5,1,0,0,0,0,0,712983.7167,0,0,0,1573621.364,122329
8/1/2007,0.5,1,0,0,0,0,0,362405.1832,0,0,0,1057350.273,122329
9/1/2007,0.5,1,0,0,0,0,0,418431.1158,0,0,0,44398.3847,122329
10/1/2007,0.5,1,0,0,0,0,0,0,0,0,0,0,122329
11/1/2007,0.5,1,0,0,0,0,0,0,0,0,0,0,122329
12/1/2007,0.5,1,0,0,0,0,0,0,0,0,0,0,122329
1/1/2008,0.5,1,0,983244.5648,1697064.509,0,0,2941610.339,0,0,0,0,122329
2/1/2008,0.5,1,0,206282.3136,1363429.543,0,0,3608948.535,0,0,0,0,122329
3/1/2008,0.5,1,0,0,0,0,0,0,0,0,0,0,122329
4/1/2008,0.5,1,0,0,0,0,0,205738.576,0,0,0,0,122329
5/1/2008,0.5,1,0,0,0,0,0,199101.8477,0,0,0,0,122329
6/1/2008,0.5,1,0,0,0,0,0,123443.1456,0,0,0,922531.7747,122329
7/1/2008,0.5,1,0,0,0,0,0,119461.1086,0,0,0,479198.3271,122329
8/1/2008,0.5,1,0,0,0,0,0,119461.1086,0,0,0,1473.353673,122329
9/1/2008,0.5,1,0,0,0,0,0,82295.43039,0,0,0,0,122329
10/1/2008,0.5,1,0,0,0,0,0,352768.6538,0,0,0,0,122329
11/1/2008,0.5,1,0,0,0,0,0,0,0,0,0,0,122329
12/1/2008,0.5,1,0,0,0,0,0,110979.3699,0,0,0,0,122329
1/1/2009,0.5,1,0,0,0,0,0,429860.8892,0,0,0,0,122329
2/1/2009,0.5,1,0,897608.0158,2501002.216,0,0,1800065.584,0,0,0,0,122329
3/1/2009,0.5,1,0,418591.7247,1366157.238,0,0,1118912.564,0,0,0,0,122329
4/1/2009,0.5,1,0,0,0,0,0,507474.7715,0,0,0,0,122329
5/1/2009,0.5,1,0,0,0,0,0,278264.7424,0,0,0,0,122329
6/1/2009,0.5,1,0,0,0,0,0,408349.9256,0,0,0,304493.0925,122329
7/1/2009,0.5,1,0,0,0,0,0,652496.5754,0,0,0,195079.9904,122329
8/1/2009,0.5,1,0,0,0,6411.079497,0,300643.7901,0,0,0,0,122329
9/1/2009,0.5,1,0,0,0,0,0,306879.6599,0,0,0,0,122329
10/1/2009,0.5,1,0,0,0,0,0,419348.3117,0,0,0,0,122329
11/1/2009,0.5,1,0,0,0,0,0,0,0,0,0,0,122329
12/1/2009,0.5,1,0,0,0,0,0,77649.72061,0,0,0,0,122329
1/1/2010,0.5,1,17202.39964,4778444.345,6050864.434,1322713.215,0,8752158.843,0,0,0,0,122329
2/1/2010,0.5,1,0,192306.7861,2038531.289,372357.4313,0,3278385.426,0,0,0,0,122329
3/1/2010,0.5,1,0,0,5375.749889,0,0,892693.0445,0,0,0,0,122329
4/1/2010,0.5,1,0,0,0,0,0,836121.5728,0,0,0,0,122329
5/1/2010,0.5,1,0,0,0,0,0,971497.5558,0,0,0,160396.4485,122329
6/1/2010,0.5,1,0,0,0,0,0,664947.0776,0,0,0,1305534.708,122329
7/1/2010,0.5,1,0,0,0,0,0,593403.147,0,0,0,1453244.387,122329
8/1/2010,0.5,1,0,0,0,0,0,464544.4311,0,0,0,1448426.122,122329
9/1/2010,0.5,1,0,0,0,0,0,362470.2232,0,0,0,314409.6918,122329
10/1/2010,0.5,1,0,0,0,0,0,512488.156,0,0,0,0,122329
11/1/2010,0.5,1,0,0,0,0,0,391767.3964,0,0,0,0,122329
12/1/2010,0.5,1,0,385779.7402,3701422.81,4075256.44,0,2837480.073,0,0,0,0,122329
1/1/2011,0.5,1,0,0,828462.7884,76056.90583,0,1736606.136,0,0,0,304028.5215,122329
2/1/2011,0.5,1,0,0,0,0,0,1198677.031,0,0,0,170571.9751,122329
3/1/2011,0.5,1,2116970.306,23911972.63,18932116.86,71283717.77,0,2746928.552,0,0,0,183691.3647,122329
4/1/2011,0.5,1,18351.88098,6018964.336,9391472.221,24430879.83,0,704160.8502,0,0,0,138667.8002,122329
5/1/2011,0.5,1,0,0,0,0,0,199101.8477,0,0,0,602322.9097,122329
6/1/2011,0.5,1,0,0,220675.1966,0,0,742263.6344,0,0,0,1809306.185,122329
7/1/2011,0.5,1,0,0,0,0,0,444753.7074,0,0,0,2300502.389,122329
8/1/2011,0.5,1,0,0,0,0,0,449253.4092,0,0,0,2077229.577,122329
9/1/2011,0.5,1,0,0,0,0,0,541586.2274,0,0,0,990631.2434,122329
10/1/2011,0.5,1,0,0,0,0,0,600610.6338,0,0,0,29705.99568,122329
11/1/2011,0.5,1,0,0,0,0,0,375020.2763,0,0,0,0,122329
12/1/2011,0.5,1,0,0,0,0,0,32891.62524,0,0,0,0,122329
1/1/2012,0.5,1,0,0,0,0,0,604154.6467,0,0,0,0,122329
2/1/2012,0.5,1,0,0,0,0,0,0,0,0,0,0,122329
3/1/2012,0.5,1,0,0,198265.62,0,0,316930.3212,0,0,0,0,122329
4/1/2012,0.5,1,0,0,0,0,0,205738.576,0,0,0,0,122329
5/1/2012,0.5,1,0,0,0,0,0,450169.2777,0,0,0,0,122329
6/1/2012,0.5,1,0,0,0,0,0,279804.4633,0,0,0,823118.8948,122329
7/1/2012,0.5,1,0,0,0,0,0,424803.7023,0,0,0,1001203.551,122329
8/1/2012,0.5,1,0,0,0,0,0,454828.2609,0,0,0,416401.6043,122329
9/1/2012,0.5,1,0,0,0,0,0,640752.221,0,0,0,0,122329
10/1/2012,0.5,1,0,0,0,0,0,0,0,0,0,0,122329
11/1/2012,0.5,1,0,0,0,0,0,178869.118,0,0,0,0,122329
12/1/2012,0.5,1,0,3122593.919,8474133.023,6061138.089,0,4928885.702,0,0,0,0,122329
1/1/2013,0.5,1,0,0,0,0,0,1896684.022,0,0,0,0,122329
2/1/2013,0.5,1,0,0,0,0,0,761388.8087,0,0,0,0,122329
3/1/2013,0.5,1,0,0,0,0,0,434519.8725,0,0,0,0,122329
4/1/2013,0.5,1,0,0,0,0,0,630588.7354,0,0,0,0,122329
5/1/2013,0.5,1,0,0,0,0,0,530964.8075,0,0,0,0,122329
6/1/2013,0.5,1,0,0,0,0,0,496076.8544,0,0,0,0,122329
7/1/2013,0.5,1,0,0,0,0,0,396491.4196,0,0,0,0,122329
8/1/2013,0.5,1,0,0,0,0,0,249992.28,0,0,0,0,122329
9/1/2013,0.5,1,0,0,0,0,0,82295.43039,0,0,0,0,122329
10/1/2013,0.5,1,0,0,0,0,0,0,0,0,0,0,122329
11/1/2013,0.5,1,0,0,0,0,0,0,0,0,0,0,122329
12/1/2013,0.5,1,0,0,0,0,0,0,0,0,0,0,122329
1/1/2014,0.5,1,0,0,0,0,0,0,0,0,0,0,122329
2/1/2014,0.5,1,0,0,0,0,0,0,0,0,0,0,122329
3/1/2014,0.5,1,0,0,0,0,0,0,0,0,0,0,122329
4/1/2014,0.5,1,0,0,0,0,0,205738.576,0,0,0,0,122329
5/1/2014,0.5,1,0,0,0,0,0,199101.8477,0,0,0,0,122329
6/1/2014,0.5,1,0,0,0,0,0,123443.1456,0,0,0,0,122329
7/1/2014,0.5,1,0,0,0,0,0,119461.1086,0,0,0,0,122329
8/1/2014,0.5,1,0,0,0,0,0,119461.1086,0,0,0,0,122329
9/1/2014,0.5,1,0,0,0,0,0,82295.43039,0,0,0,0,122329
10/1/2014,0.5,1,0,0,0,0,0,0,0,0,0,0,122329
11/1/2014,0.5,1,0,0,0,0,0,0,0,0,0,0,122329
12/1/2014,0.5,1,0,0,0,0,0,0,185881.485,92940.74252,0,0,122329
1/1/2015,0.5,1,0,0,0,0,0,0,0,0,0,0,122329
2/1/2015,0.5,1,0,0,0,0,0,0,0,0,0,0,122329
3/1/2015,0.5,1,0,0,0,0,0,0,0,0,0,0,122329
4/1/2015,0.5,1,0,0,0,0,0,205738.576,0,0,0,0,122329
5/1/2015,0.5,1,0,0,0,0,0,199101.8477,0,0,0,0,122329
6/1/2015,0.5,1,0,0,0,0,0,123443.1456,0,0,0,0,122329
7/1/2015,0.5,1,0,0,0,0,0,119461.1086,0,0,0,17958.98666,122329
8/1/2015,0.5,1,0,0,0,0,0,119461.1086,0,0,0,0,122329
9/1/2015,0.5,1,0,0,0,0,0,82295.43039,0,0,0,0,122329
10/1/2015,0.5,1,0,0,0,0,0,352768.6538,0,0,0,0,122329
11/1/2015,0.5,1,0,0,0,0,0,0,0,0,0,0,122329
12/1/2015,0.5,1,0,0,0,0,0,110979.3699,0,0,0,0,122329
1/1/2016,0.5,1,0,0,0,0,0,429860.8892,0,0,0,0,122329
2/1/2016,0.5,1,0,897608.0158,2501002.216,0,0,1800065.584,0,0,0,0,122329
3/1/2016,0.5,1,0,418591.7247,1366157.238,0,0,1118912.564,0,0,0,0,122329
4/1/2016,0.5,1,0,0,0,0,0,507474.7715,0,0,0,0,122329
5/1/2016,0.5,1,0,0,0,0,0,278264.7424,0,0,0,0,122329
6/1/2016,0.5,1,0,0,0,0,0,408349.9256,0,0,0,304493.0925,122329
7/1/2016,0.5,1,0,0,0,0,0,652496.5754,0,0,0,195079.9904,122329
8/1/2016,0.5,1,0,0,0,6411.079497,0,300643.7901,0,0,0,0,122329
9/1/2016,0.5,1,0,0,0,0,0,306879.6599,0,0,0,0,122329
10/1/2016,0.5,1,0,0,0,0,0,512488.156,0,0,0,0,122329
11/1/2016,0.5,1,0,0,0,0,0,391767.3964,0,0,0,0,122329
12/1/2016,0.5,1,0,385779.7402,3701422.81,4075256.44,0,2837480.073,0,0,0,0,122329
1/1/2017,0.5,1,0,0,828462.7884,76056.90583,0,1736606.136,0,0,0,0,122329
2/1/2017,0.5,1,0,0,0,0,0,1198677.031,0,0,0,0,122329
3/1/2017,0.5,1,2116970.306,23911972.63,18932116.86,71283717.77,0,2746928.552,0,0,0,0,122329
4/1/2017,0.5,1,18351.88098,6018964.336,9391472.221,24430879.83,0,704160.8502,0,0,0,0,122329
5/1/2017,0.5,1,0,0,0,0,0,199101.8477,0,0,0,0,122329
6/1/2017,0.5,1,0,0,220675.1966,0,0,742263.6344,0,0,0,885210.797,122329
7/1/2017,0.5,1,0,0,0,0,0,444753.7074,0,0,0,1227582.352,122329
8/1/2017,0.5,1,0,0,0,0,0,449253.4092,0,0,0,971656.8373,122329
9/1/2017,0.5,1,0,0,0,0,0,541586.2274,0,0,0,0,122329
10/1/2017,0.5,1,0,0,0,0,0,600610.6338,0,0,0,0,122329
11/1/2017,0.5,1,0,0,0,0,0,375020.2763,106200.9256,53080.5526,0,0,122329
12/1/2017,0.5,1,0,0,0,0,0,32891.62524,929128.6826,464584.2515,0,0,122329
1/1/2018,0.5,1,0,0,0,0,0,604154.6467,0,0,0,0,122329
2/1/2018,0.5,1,0,0,0,0,0,0,0,0,0,0,122329
3/1/2018,0.5,1,0,0,198265.62,0,0,316930.3212,246886.2912,123443.1456,0,740658.8735,122329
4/1/2018,0.5,1,0,0,0,0,0,205738.576,0,0,0,2363139.831,122329
5/1/2018,0.5,1,0,0,0,0,0,450169.2777,0,0,0,1620479.32,122329
6/1/2018,0.5,1,0,0,0,0,0,279804.4633,0,0,0,1971944.52,122329
7/1/2018,0.5,1,0,0,0,0,0,424803.7023,0,0,0,10931607.31,122329
8/1/2018,0.5,1,0,0,0,0,0,454828.2609,0,0,0,784810.3719,122329
9/1/2018,0.5,1,0,0,0,0,0,640752.221,0,0,0,0,122329
10/1/2018,0.5,1,0,0,0,0,0,0,0,0,0,0,122329
11/1/2018,0.5,1,0,0,0,0,0,178869.118,0,0,0,0,122329
12/1/2018,0.5,1,0,3122593.919,8474133.023,6061138.089,0,4928885.702,0,0,0,0,122329
1/1/2019,0.5,1,0,0,0,0,0,1896684.022,0,0,0,0,122329
2/1/2019,0.5,1,0,0,0,0,0,761388.8087,0,0,0,0,122329
3/1/2019,0.5,1,0,0,0,0,0,434519.8725,0,0,0,0,122329
4/1/2019,0.5,1,0,0,0,0,0,630588.7354,0,0,0,0,122329
5/1/2019,0.5,1,0,0,0,0,0,530964.8075,0,0,0,0,122329
6/1/2019,0.5,1,0,0,0,0,0,496076.8544,0,0,0,0,122329
7/1/2019,0.5,1,0,0,0,0,0,396491.4196,0,0,0,0,122329
8/1/2019,0.5,1,0,0,0,0,0,249992.28,0,0,0,0,122329
9/1/2019,0.5,1,0,0,0,0,0,82295.43039,0,0,0,0,122329
